ime,polozaj,ekipa, Close Shot, Mid-Range Shot, Three-Point Shot, Free Throw, Shot IQ, Offensive Consistency, Speed, Acceleration, Strength, Vertical, Stamina, Hustle, Overall Durability, Layup, Standing Dunk, Driving Dunk, Post Hook, Post Fade, Post Control, Draw Foul, Hands, Pass Accuracy, Ball Handle, Speed with Ball, Pass IQ, Pass Vision, Perimeter Defense, Steal, Block, Lateral Quickness, Help Defense IQ, Pass Perception, Defensive Consistency, Offensive Rebound, Defensive Rebound
Trae-Young,"'PG', 'SG'",Atlanta-Hawks,91,82,84,89,98,98,84,84,50,78,95,75,86,90,25,30,28,60,34,96,80,80,93,84,94,89,55,43,32,70,58,70,30,36,42
Dejounte-Murray,"'SG', 'PG'",Atlanta-Hawks,89,90,79,83,85,95,83,83,40,60,90,90,80,93,40,75,40,48,49,84,95,85,88,83,84,72,85,59,40,85,85,85,85,35,60
Clint-Capela,'C',Atlanta-Hawks,82,50,25,60,70,60,58,57,85,80,92,97,83,79,95,80,71,48,69,74,70,34,48,30,35,29,53,40,78,60,86,74,80,92,91
Onyeka-Okongwu,"'C', 'PF'",Atlanta-Hawks,89,88,60,78,70,75,74,74,70,75,88,95,83,80,85,80,54,55,57,52,80,51,54,60,50,31,64,42,84,69,83,65,65,83,80
Bogdan-Bogdanovic,"'SG', 'SF'",Atlanta-Hawks,96,81,84,83,70,90,75,75,63,78,89,67,77,79,50,65,62,57,57,59,85,74,79,73,79,51,63,42,50,75,60,60,50,33,51
Saddiq-Bey,"'PF', 'SF'",Atlanta-Hawks,80,62,80,86,90,85,63,63,69,70,87,90,81,80,45,60,43,42,52,84,84,64,76,57,75,35,75,46,37,79,77,72,70,50,61
AJ-Griffin,"'SF', 'SG'",Atlanta-Hawks,95,82,83,89,70,60,84,84,64,87,90,85,80,80,60,85,51,52,52,40,80,69,71,79,69,33,70,42,42,77,69,60,50,39,47
Jalen-Johnson,"'PF', 'SF'",Atlanta-Hawks,85,78,71,63,70,70,76,76,68,82,85,80,80,81,70,65,66,74,69,53,80,68,58,74,69,41,66,49,67,73,60,57,40,51,85
Bruno-Fernando,'C',Atlanta-Hawks,75,65,42,70,25,25,74,74,85,75,85,85,80,75,80,78,64,63,65,50,75,52,50,50,65,42,44,33,89,60,65,62,40,90,82
Patty-Mills,"'PG', 'SG'",Atlanta-Hawks,64,83,80,83,90,70,83,83,51,66,82,70,82,79,25,25,25,37,25,50,73,79,86,83,84,54,65,41,37,72,61,61,40,33,42
Kobe-Bufkin,"'SG', 'PG'",Atlanta-Hawks,80,75,76,83,60,55,86,86,40,80,95,80,80,80,30,75,42,44,43,40,90,72,87,86,73,60,64,73,35,76,54,52,40,44,45
Wesley-Matthews,"'SG', 'SF'",Atlanta-Hawks,77,68,75,86,70,30,70,75,55,70,85,80,84,78,45,50,63,65,65,45,85,72,75,68,77,30,78,40,52,79,75,79,70,47,49
Garrison-Mathews,"'SG', 'SF'",Atlanta-Hawks,74,78,78,91,70,80,50,50,44,65,89,88,79,79,45,55,36,47,48,54,95,71,76,47,82,30,59,49,42,60,58,52,45,33,50
Trent-Forrest,"'PG', 'SG'",Atlanta-Hawks,90,72,62,85,60,65,82,82,59,75,80,80,80,83,40,60,59,62,62,72,95,70,76,78,68,63,60,40,40,70,60,55,40,35,57
Mouhamed-Gueye,"'PF', 'C'",Atlanta-Hawks,68,67,66,63,60,40,67,67,63,75,88,80,80,65,70,75,52,51,52,58,80,60,60,52,62,44,48,52,60,55,57,50,45,68,65
Seth-Lundy,'SG',Atlanta-Hawks,72,76,78,82,50,35,85,77,55,75,85,66,80,76,25,60,47,48,47,44,80,62,67,74,60,29,65,57,40,74,57,57,40,54,59
Miles-Norris,'PF',Atlanta-Hawks,68,73,79,83,70,40,59,59,50,72,85,70,80,52,45,65,53,50,53,40,75,52,67,54,50,33,57,37,40,57,52,40,40,42,52
Jayson-Tatum,"'SF', 'PF'",Boston-Celtics,90,85,87,85,95,98,82,82,71,83,95,98,80,95,50,89,74,84,83,97,98,78,86,79,84,70,88,75,66,88,89,90,85,74,82
Jaylen-Brown,"'SG', 'SF'",Boston-Celtics,94,91,83,77,80,98,79,79,69,84,95,95,82,94,40,89,67,69,80,93,95,78,86,76,84,63,87,74,47,87,86,87,85,42,68
Jrue-Holiday,"'PG', 'SG'",Boston-Celtics,90,87,82,86,80,95,79,79,49,68,90,92,80,88,25,65,30,72,40,59,98,84,86,79,85,79,95,80,47,96,89,93,95,44,55
Kristaps-Porzingis,"'PF', 'C'",Boston-Celtics,97,83,83,85,80,98,66,65,74,78,94,85,77,79,90,75,84,88,87,75,98,50,68,56,40,49,56,41,80,62,82,60,65,56,80
Al-Horford,"'PF', 'C'",Boston-Celtics,96,80,85,71,85,65,53,48,91,69,95,85,78,65,70,65,76,84,83,40,84,79,50,33,84,50,68,35,67,67,85,78,85,46,69
Derrick-White,"'SG', 'PG'",Boston-Celtics,93,78,84,88,75,80,88,88,46,75,85,78,81,74,40,55,35,51,35,83,90,88,86,87,82,68,90,38,67,91,92,78,90,37,52
Sviatoslav-Mykhailiuk,"'SF', 'SG'",Boston-Celtics,86,80,83,88,80,75,82,82,54,69,81,65,79,74,40,55,42,47,38,49,94,69,64,75,64,63,55,43,37,67,50,54,30,39,48
Payton-Pritchard,"'PG', 'SG'",Boston-Celtics,81,81,80,88,85,65,75,75,41,66,84,78,81,77,25,35,40,46,35,40,75,79,79,75,82,54,60,38,27,74,60,45,35,46,51
Dalano-Banton,"'PG', 'SG'",Boston-Celtics,66,82,73,71,80,80,76,76,66,75,80,75,80,79,30,65,30,45,48,79,80,78,76,72,79,68,68,70,82,72,60,62,60,46,63
Lamar-Stevens,"'PF', 'SF'",Boston-Celtics,77,83,74,70,60,65,79,79,60,91,80,90,80,68,65,80,61,58,64,45,86,62,67,69,55,29,69,40,56,71,66,65,55,50,67
Luke-Kornet,'C',Boston-Celtics,91,56,70,82,65,60,38,37,66,62,85,85,77,60,75,60,69,68,69,48,85,50,43,33,60,37,32,33,84,34,76,54,70,79,63
Sam-Hauser,"'SF', 'PF'",Boston-Celtics,74,77,84,89,80,80,61,61,66,62,85,88,80,60,40,60,44,45,45,55,95,50,43,55,60,34,55,38,53,62,52,44,45,40,61
Oshae-Brissett,"'PF', 'C'",Boston-Celtics,67,67,73,72,75,75,63,67,75,79,85,80,83,75,70,75,64,62,59,54,81,47,59,52,54,30,40,42,50,52,57,50,35,57,66
Nathan-Knight,"'PF', 'C'",Boston-Celtics,70,70,73,68,85,50,67,65,75,55,80,85,80,67,70,65,60,60,60,58,60,55,47,32,62,31,37,46,57,43,65,50,60,66,57
Jordan-Walsh,"'PF', 'SF'",Boston-Celtics,67,65,68,71,70,35,77,77,54,86,89,85,80,68,40,80,57,54,44,40,85,63,68,68,62,47,75,62,54,76,75,74,65,44,47
Neemias-Queta,'C',Boston-Celtics,75,62,50,71,60,45,59,59,76,65,80,80,80,61,70,65,62,60,62,40,85,52,38,30,62,33,45,30,87,48,70,48,55,83,65
JD-Davison,"'PG', 'SG'",Boston-Celtics,70,73,71,73,50,50,85,85,54,84,88,45,80,72,25,85,30,31,38,40,80,72,86,84,75,72,56,69,61,77,55,54,45,36,55
Mikal-Bridges,"'SG', 'SF'",Brooklyn-Nets,91,87,86,90,90,98,80,80,68,85,92,95,84,75,40,75,55,57,57,80,80,78,82,72,88,53,89,80,57,89,82,86,85,39,52
Nicolas-Claxton,"'C', 'PF'",Brooklyn-Nets,97,64,64,54,75,50,69,69,71,79,90,85,80,75,80,75,72,64,72,55,80,40,49,44,48,38,79,42,93,77,90,64,85,68,86
Cameron-Johnson,"'SF', 'PF'",Brooklyn-Nets,86,88,84,84,89,90,70,69,60,79,85,86,78,79,60,60,69,69,69,64,57,59,59,43,66,38,69,59,50,70,64,68,65,41,61
Spencer-Dinwiddie,"'PG', 'SG'",Brooklyn-Nets,83,86,80,81,90,95,82,82,45,75,95,80,81,84,35,55,49,52,52,87,98,88,88,82,90,81,74,40,45,77,68,59,70,31,50
Dorian-Finney-Smith,"'PF', 'SF'",Brooklyn-Nets,59,71,77,76,90,85,67,67,62,83,80,86,78,77,40,84,47,40,40,48,72,65,60,44,61,32,83,42,56,82,74,74,75,57,53
Ben-Simmons,"'C', 'PG'",Brooklyn-Nets,91,46,50,44,30,30,87,87,80,85,97,80,83,80,83,86,76,73,78,50,75,79,86,83,80,76,82,73,58,81,81,75,80,46,81
Lonnie-Walker-IV,"'SF', 'SG'",Brooklyn-Nets,85,78,80,86,75,70,89,89,64,83,85,65,82,82,40,75,48,53,48,67,75,70,78,77,67,33,74,38,51,78,62,65,35,31,43
Trendon-Watford,"'C', 'PF'",Brooklyn-Nets,94,68,79,72,85,85,63,63,79,80,85,80,80,79,75,80,69,69,69,69,70,59,50,57,62,62,52,41,47,52,52,50,40,45,73
Dennis-Smith-Jr.,'PG',Brooklyn-Nets,74,58,70,74,70,75,86,87,54,91,88,45,80,76,25,85,30,31,38,69,80,76,86,85,75,73,66,80,56,77,65,75,45,35,52
Dariq-Whitehead,"'SG', 'SF'",Brooklyn-Nets,77,76,79,79,70,40,79,79,52,82,90,70,77,70,50,80,44,51,47,37,80,67,78,76,66,44,65,64,52,74,67,67,45,37,48
Noah-Clowney,"'PF', 'C'",Brooklyn-Nets,74,69,68,65,50,35,64,64,64,75,90,85,77,68,80,80,60,59,60,51,80,57,59,57,68,34,57,37,62,59,67,66,55,73,71
Armoni-Brooks,'PG',Brooklyn-Nets,76,79,72,81,75,80,70,70,45,66,80,80,81,69,30,55,39,36,28,65,70,70,76,69,69,41,64,46,51,70,60,48,45,37,52
Jalen-Wilson,"'SF', 'PF'",Brooklyn-Nets,68,72,72,79,60,50,82,79,30,75,80,84,80,68,30,75,35,34,30,50,90,64,68,73,63,30,57,36,51,66,50,52,40,35,37
LaMelo-Ball,"'PG', 'SG'",charlotte-hornets,76,76,82,84,75,98,84,84,50,79,93,89,82,88,45,75,52,58,52,82,98,94,88,84,94,90,70,49,45,83,79,89,75,42,66
Miles-Bridges,"'PF', 'SF'",charlotte-hornets,85,76,76,77,70,98,75,72,73,82,88,75,85,88,60,90,59,60,80,88,79,69,76,71,74,61,59,41,62,76,62,68,45,41,69
Brandon-Miller,"'SF', 'PF'",charlotte-hornets,81,82,82,86,70,65,78,78,51,85,95,80,80,80,55,87,40,64,47,53,80,75,86,78,75,58,73,74,47,82,67,68,65,44,67
Gordon-Hayward,"'SF', 'PF'",charlotte-hornets,91,90,76,81,60,80,80,77,63,75,88,80,78,85,40,75,40,65,58,65,91,74,77,77,79,68,73,41,42,76,73,58,65,36,56
Mark-Williams,'C',charlotte-hornets,75,53,36,69,70,55,65,64,73,75,85,88,80,75,85,75,60,60,60,73,85,44,35,32,52,28,44,46,84,49,75,60,65,78,89
Nick-Richards,'C',charlotte-hornets,61,69,25,75,85,80,72,70,65,75,81,85,84,62,80,80,52,47,52,55,80,37,35,49,36,29,47,30,85,52,78,40,70,83,85
Cody-Martin,"'SF', 'SG'",charlotte-hornets,72,60,82,73,80,70,58,58,58,75,90,90,80,85,25,75,59,59,55,79,75,74,73,57,78,42,69,42,40,72,69,69,60,56,58
Ish-Smith,'PG',charlotte-hornets,83,74,79,55,65,50,87,87,32,70,80,78,83,75,25,30,25,32,25,62,81,86,86,87,85,74,74,37,56,77,64,52,50,32,60
Frank-Ntilikina,"'PG', 'SG'",charlotte-hornets,80,87,66,67,60,40,80,82,47,70,81,80,80,65,30,45,32,48,40,39,85,77,86,80,77,49,82,41,50,82,80,70,70,31,51
Theo-Maledon,"'PG', 'SG'",charlotte-hornets,81,75,73,85,94,60,77,77,39,72,84,75,80,79,35,50,37,49,40,64,80,84,83,77,84,72,56,63,51,65,40,54,30,33,61
Nick-Smith-Jr.,"'SG', 'PG'",charlotte-hornets,70,78,76,74,70,50,84,84,48,86,89,75,80,76,40,80,37,39,38,42,80,70,79,84,72,60,63,47,30,78,57,50,40,37,44
James-Bouknight,"'SG', 'PG'",charlotte-hornets,65,72,72,67,60,65,87,87,54,90,87,75,80,75,35,85,30,37,38,60,82,69,80,84,68,42,69,41,45,80,68,69,40,33,60
Bryce-McGowens,"'SG', 'SF'",charlotte-hornets,69,74,75,75,95,50,74,74,48,81,85,75,80,74,40,80,42,42,42,55,78,52,74,72,50,37,66,36,42,75,65,60,65,38,50
JT-Thor,"'PF', 'SF'",charlotte-hornets,86,70,74,70,55,60,84,84,50,82,85,80,80,70,55,70,67,66,68,41,75,65,60,69,66,29,63,38,61,64,62,62,50,44,58
Amari-Bailey,"'SG', 'PG'",charlotte-hornets,70,79,75,70,60,50,84,84,46,71,85,69,80,74,39,65,44,52,47,44,75,70,79,82,68,57,60,46,40,72,54,50,50,34,47
Leaky-Black,'PF',charlotte-hornets,67,65,70,74,50,25,75,69,50,77,85,80,80,66,40,80,42,38,40,38,70,55,60,63,55,32,69,62,65,73,70,65,55,41,56
DeMar-DeRozan,"'PF', 'SF'",Chicago-Bulls,96,95,75,87,90,90,82,82,73,88,98,90,91,92,55,84,65,78,90,85,95,73,83,80,75,71,73,43,52,76,74,82,70,32,57
Zach-LaVine,"'SF', 'SG'",Chicago-Bulls,87,88,82,85,98,98,84,84,49,97,98,85,83,88,60,95,59,59,59,82,98,79,88,81,88,67,69,40,40,75,68,69,65,33,55
Nikola-Vucevic,'C',Chicago-Bulls,98,86,78,84,90,90,62,46,89,45,95,85,77,70,85,65,89,84,88,50,98,82,35,32,82,58,41,38,60,49,73,57,50,58,92
Lonzo-Ball,"'PG', 'SG'",Chicago-Bulls,55,65,84,79,60,85,85,85,52,80,93,70,80,79,30,75,35,44,40,59,84,88,86,85,89,70,84,80,62,86,84,90,85,41,62
Alex-Caruso,"'SG', 'SF'",Chicago-Bulls,66,67,80,81,65,50,82,82,31,72,85,85,81,70,35,75,30,43,29,45,68,78,78,82,80,61,91,96,67,92,90,89,95,40,52
Patrick-Williams,"'PF', 'SF'",Chicago-Bulls,65,88,85,86,85,75,70,70,64,77,88,75,81,68,60,65,44,42,40,50,80,60,70,64,62,31,76,43,68,74,80,65,65,44,55
Andre-Drummond,'C',Chicago-Bulls,86,47,47,54,40,30,60,58,95,79,89,85,81,73,95,85,70,45,75,40,80,52,45,49,70,31,52,79,71,52,74,70,70,96,97
Coby-White,"'SG', 'PG'",Chicago-Bulls,85,82,81,87,70,70,85,85,56,81,90,85,80,79,30,65,34,45,49,67,80,77,86,84,77,63,64,43,32,73,66,64,45,30,56
Torrey-Craig,"'PF', 'SF'",Chicago-Bulls,62,59,83,71,95,50,63,61,49,73,80,35,80,79,35,60,50,62,55,50,70,52,69,58,50,34,79,41,68,80,79,75,75,65,66
Jevon-Carter,"'PG', 'SG'",Chicago-Bulls,62,86,84,82,77,75,76,78,60,71,85,76,81,75,25,35,32,34,30,40,80,75,79,76,70,57,79,49,52,83,72,75,70,35,48
Ayo-Dosunmu,"'PG', 'SG'",Chicago-Bulls,89,76,74,81,80,80,76,76,52,75,85,75,80,84,25,75,35,50,42,59,87,72,79,73,79,50,69,42,51,78,68,69,65,37,48
Dalen-Terry,"'SF', 'SG'",Chicago-Bulls,77,72,74,67,70,65,76,76,58,69,85,85,80,77,25,80,40,46,42,54,85,76,80,74,78,55,69,76,62,75,69,70,65,57,58
Terry-Taylor,"'PF', 'SF'",Chicago-Bulls,81,70,74,77,85,75,77,77,69,80,85,65,83,70,40,45,54,52,58,40,69,60,66,70,62,30,66,31,60,74,65,40,45,72,46
Julian-Phillips,"'SF', 'PF'",Chicago-Bulls,67,68,69,82,70,40,73,73,40,80,85,90,80,67,45,80,35,38,38,55,75,60,66,67,57,44,68,46,47,78,60,62,60,57,55
Adama-Sanogo,'PF',Chicago-Bulls,72,70,69,72,60,40,70,68,71,62,80,80,80,70,70,75,50,50,50,48,80,52,50,49,50,38,40,46,56,44,50,55,50,70,74
Onuralp-Bitim,"'SG', 'SF'",Chicago-Bulls,70,72,79,73,55,50,62,62,65,69,84,80,80,70,40,65,50,51,49,30,82,66,69,60,69,47,57,42,55,64,59,50,35,51,52
Justin-Lewis,"'PF', 'SF'",Chicago-Bulls,70,70,72,71,30,35,75,75,50,80,85,80,80,67,45,75,37,38,50,40,95,50,72,70,70,37,64,40,44,72,60,50,60,44,49
Donovan-Mitchell,"'SG', 'PG'",Cleveland-Cavaliers,97,88,86,87,98,98,95,90,60,97,96,95,80,97,50,92,37,49,44,85,98,84,90,86,92,70,75,59,50,86,79,79,75,40,52
Darius-Garland,"'PG', 'SG'",Cleveland-Cavaliers,93,80,85,86,90,98,88,88,40,84,95,95,80,90,25,65,32,37,42,74,95,92,89,88,95,84,69,52,32,78,69,66,50,31,43
Evan-Mobley,"'PF', 'C'",Cleveland-Cavaliers,82,81,66,67,60,90,72,72,74,81,94,90,80,84,85,80,79,72,79,70,95,69,60,66,84,47,80,38,80,78,94,85,95,80,82
Jarrett-Allen,'C',Cleveland-Cavaliers,97,71,63,73,75,80,75,72,84,79,92,80,82,79,85,80,82,63,82,74,95,25,35,35,48,34,41,40,74,53,88,67,85,78,84
Caris-LeVert,"'SG', 'SF'",Cleveland-Cavaliers,72,62,82,72,80,80,75,77,54,80,92,80,78,84,60,75,52,54,49,79,95,75,86,72,84,66,74,46,50,77,70,68,60,38,55
Max-Strus,"'SF', 'SG'",Cleveland-Cavaliers,92,79,83,88,90,90,76,76,40,74,88,80,85,68,35,65,48,58,54,68,85,72,69,74,78,42,57,36,37,65,50,50,35,36,52
Isaac-Okoro,"'SF', 'SG'",Cleveland-Cavaliers,88,60,80,76,60,65,77,77,67,80,89,80,82,80,45,75,47,49,50,50,95,69,72,73,69,33,84,49,56,85,80,82,85,43,48
Ricky-Rubio,"'PG', 'SG'",Cleveland-Cavaliers,81,64,70,80,75,70,75,75,27,60,88,73,80,79,25,25,25,40,26,47,92,84,86,75,88,73,78,70,50,79,76,70,60,34,57
Ty-Jerome,"'PG', 'SG'",Cleveland-Cavaliers,96,87,82,92,65,60,69,69,56,62,85,85,80,79,40,45,38,37,40,65,80,84,86,68,84,71,66,41,37,73,65,68,50,30,48
Dean-Wade,"'PF', 'SF'",Cleveland-Cavaliers,80,68,79,65,80,70,62,62,60,83,80,85,79,60,80,75,60,60,64,44,70,38,60,43,55,30,67,46,62,68,70,68,60,37,68
Georges-Niang,"'PF', 'SF'",Cleveland-Cavaliers,93,73,84,87,70,70,44,46,60,72,88,80,84,77,25,50,70,71,70,40,74,65,67,44,70,33,55,37,47,55,62,60,40,32,57
Tristan-Thompson,'C',Cleveland-Cavaliers,90,70,62,53,25,25,63,52,74,74,80,85,90,65,85,75,69,50,62,40,80,31,39,30,70,30,54,40,60,64,79,58,55,90,78
Damian-Jones,'C',Cleveland-Cavaliers,85,78,67,76,50,30,63,55,80,92,80,80,78,70,85,75,52,40,60,35,84,34,35,38,48,29,40,35,79,42,80,40,65,69,69
Isaiah-Mobley,"'PF', 'C'",Cleveland-Cavaliers,68,70,69,68,65,55,58,58,62,69,87,65,80,60,60,71,58,57,58,58,90,68,49,44,75,54,44,41,69,49,55,44,45,60,81
Sam-Merrill,"'SG', 'PG'",Cleveland-Cavaliers,60,76,83,89,92,75,62,62,44,60,80,60,79,64,30,45,30,44,48,55,80,74,76,60,79,43,60,46,35,64,52,62,45,38,51
Emoni-Bates,'SF',Cleveland-Cavaliers,77,80,80,78,50,50,69,69,42,73,85,50,80,74,45,65,40,42,42,47,75,55,77,68,52,33,53,40,30,63,52,40,30,46,52
Craig-Porter,'PG',Cleveland-Cavaliers,72,71,73,69,60,50,79,79,48,72,88,80,80,71,30,50,44,48,49,47,80,65,73,79,65,54,68,69,55,74,52,50,50,52,55
Luka-Doncic,"'PG', 'SG'",Dallas-Mavericks,98,94,87,85,98,98,84,84,72,79,98,98,85,98,65,75,85,85,87,98,98,98,98,83,98,97,74,56,51,75,74,76,75,57,86
Kyrie-Irving,"'SG', 'PG'",Dallas-Mavericks,97,97,84,91,95,98,85,85,37,81,97,87,80,95,25,30,35,70,64,85,96,88,99,85,89,72,73,42,56,76,75,86,60,40,56
Tim-Hardaway-Jr.,"'SF', 'SG'",Dallas-Mavericks,79,73,84,77,85,90,68,72,55,78,85,83,83,74,35,78,36,53,38,70,71,75,78,68,84,37,70,38,37,75,63,58,40,30,56
Jaden-Hardy,"'SG', 'PG'",Dallas-Mavericks,82,73,83,82,80,95,83,83,39,85,84,85,80,80,40,80,47,49,49,66,85,75,83,76,75,59,55,40,47,76,50,51,50,34,58
Dwight-Powell,"'C', 'PF'",Dallas-Mavericks,92,65,78,67,50,95,71,48,80,67,90,95,83,70,75,65,77,79,79,83,90,55,60,44,64,33,45,46,56,58,68,74,65,79,59
Seth-Curry,"'PG', 'SG'",Dallas-Mavericks,96,95,85,93,80,85,78,78,41,68,89,80,80,85,25,36,27,35,30,35,69,75,78,77,75,44,57,43,37,68,54,55,35,31,44
Grant-Williams,"'PF', 'C'",Dallas-Mavericks,90,64,83,77,85,60,58,60,73,66,88,85,80,77,50,60,59,58,66,50,81,69,66,54,72,36,58,37,52,70,69,60,65,48,62
Josh-Green,"'SF', 'SG'",Dallas-Mavericks,91,74,84,72,60,65,86,86,60,80,89,90,83,75,30,80,35,34,30,69,95,70,70,72,70,39,79,42,32,83,79,78,75,45,49
Maxi-Kleber,"'PF', 'C'",Dallas-Mavericks,52,70,78,71,80,35,45,38,79,56,85,85,80,73,75,75,67,67,64,40,80,70,64,45,68,34,78,32,68,77,78,78,80,43,59
Derrick-Jones-Jr.,"'PF', 'C'",Dallas-Mavericks,70,68,77,74,89,75,77,76,59,93,83,90,78,79,85,94,50,52,52,66,90,65,68,61,54,30,59,46,80,71,60,68,30,63,53
Richaun-Holmes,'C',Dallas-Mavericks,94,70,62,77,40,40,57,55,82,81,80,95,82,78,85,75,70,57,70,50,80,42,58,38,54,28,40,30,67,56,68,55,50,68,67
Dereck-Lively-II,"'C', 'PF'",Dallas-Mavericks,75,60,52,60,60,40,50,50,70,67,80,80,80,67,80,75,56,54,56,55,85,69,52,40,68,44,57,47,82,57,70,54,55,78,72
Olivier-Maxence-Prosper,"'PF', 'SF'",Dallas-Mavericks,72,68,73,75,60,45,79,79,60,88,88,80,80,72,40,85,47,45,45,58,80,65,60,66,61,33,74,52,55,81,64,58,60,56,57
Markieff-Morris,"'C', 'PF'",Dallas-Mavericks,83,80,84,74,50,65,57,44,84,63,91,77,92,67,65,67,68,77,75,40,70,44,42,34,78,43,42,40,51,50,75,50,55,46,70
Greg-Brown,"'PF', 'C'",Dallas-Mavericks,66,65,68,70,50,30,78,78,40,98,80,80,83,66,75,80,52,49,52,40,68,45,68,65,35,35,62,59,76,65,60,53,45,56,68
Dante-Exum,"'PG', 'SG'",Dallas-Mavericks,66,70,75,74,60,35,79,82,48,77,80,85,83,75,25,60,28,55,40,63,85,75,75,79,77,62,76,49,55,76,76,74,75,34,63
Dexter-Dennis,"'SG', 'PG'",Dallas-Mavericks,67,70,70,76,50,40,66,66,57,73,80,75,80,66,40,65,49,51,58,42,80,60,66,59,60,31,68,36,56,76,58,54,55,57,60
A.J.-Lawson,"'SG', 'SF'",Dallas-Mavericks,70,68,75,55,60,50,74,74,34,80,85,80,80,68,45,75,52,52,55,42,75,62,69,69,64,28,60,36,25,67,60,65,50,57,66
Nikola-Jokic,'C',Denver-Nuggets,99,98,85,82,98,98,63,62,93,63,97,80,83,91,90,75,94,95,98,90,90,93,76,60,98,96,61,53,57,47,79,66,75,66,93
Jamal-Murray,"'PG', 'SG'",Denver-Nuggets,88,82,86,83,98,98,80,80,54,80,95,85,78,90,30,82,38,46,74,78,84,84,89,79,85,76,77,43,42,77,74,70,70,38,52
Aaron-Gordon,"'PF', 'SF'",Denver-Nuggets,81,62,80,61,98,98,71,67,72,92,95,90,84,84,95,94,58,60,74,85,95,65,62,66,60,55,83,41,62,83,80,82,80,68,64
Michael-Porter-Jr.,"'SF', 'PF'",Denver-Nuggets,86,91,86,80,85,95,80,81,68,88,88,80,66,86,60,80,50,62,68,55,80,65,78,77,62,30,64,37,53,73,60,68,40,46,68
Kentavious-Caldwell-Pope,"'SG', 'SF'",Denver-Nuggets,87,81,87,82,80,70,85,82,60,69,92,85,84,76,35,73,35,58,35,40,90,75,75,80,82,39,84,70,52,84,82,82,80,33,45
Christian-Braun,"'SF', 'SG'",Denver-Nuggets,80,82,80,63,75,75,83,83,46,83,93,80,80,69,25,80,25,55,36,45,72,69,69,74,68,32,79,43,52,82,78,80,80,48,56
Zeke-Nnaji,"'C', 'PF'",Denver-Nuggets,71,76,73,65,85,75,77,77,70,82,80,89,83,77,80,70,69,67,67,69,77,33,37,52,42,28,54,38,67,57,57,42,45,72,52
Reggie-Jackson,"'PG', 'SG'",Denver-Nuggets,87,75,76,91,80,50,84,84,48,85,95,85,84,74,25,65,25,48,28,44,88,82,86,84,75,70,74,42,32,74,70,74,70,33,45
Peyton-Watson,"'SG', 'SF'",Denver-Nuggets,78,75,78,55,70,65,77,77,55,82,88,75,80,68,60,65,44,42,40,40,80,60,70,76,62,34,68,47,79,71,65,62,60,50,68
Vlatko-Cancar,"'PF', 'SF'",Denver-Nuggets,88,70,82,92,80,70,60,60,63,70,80,65,87,77,45,65,42,44,45,45,80,52,64,54,54,43,73,40,53,74,68,65,65,41,58
Justin-Holiday,"'SF', 'SG'",Denver-Nuggets,74,53,77,82,80,80,66,71,45,82,85,80,78,73,60,73,40,42,43,50,63,65,72,60,69,34,75,41,62,75,74,78,65,29,45
DeAndre-Jordan,'C',Denver-Nuggets,74,25,25,46,70,25,65,53,85,83,92,80,94,57,75,75,35,37,35,44,90,25,30,33,66,33,57,37,74,62,67,55,55,72,90
Julian-Strawther,"'SF', 'SG'",Denver-Nuggets,73,74,81,77,50,55,63,63,53,64,90,75,80,71,35,60,40,40,40,44,95,64,74,57,65,40,65,40,41,70,60,65,55,40,51
Hunter-Tyson,"'PF', 'SF'",Denver-Nuggets,72,76,81,80,70,50,68,68,52,77,88,75,80,70,60,75,49,49,49,50,70,65,68,60,65,48,62,57,55,68,58,54,40,55,57
Jalen-Pickett,"'SG', 'PG'",Denver-Nuggets,76,68,75,76,70,50,72,72,59,67,88,70,79,75,25,60,55,58,58,50,81,72,75,72,74,67,62,47,48,69,62,65,45,52,60
Collin-Gillespie,"'PG', 'SG'",Denver-Nuggets,74,75,80,87,50,50,82,82,33,72,85,80,80,74,40,54,31,46,40,37,95,79,77,82,75,57,62,38,56,74,60,58,55,35,53
Braxton-Key,"'SF', 'PF'",Denver-Nuggets,69,69,70,65,40,25,69,68,70,81,80,79,80,68,75,75,59,58,58,33,74,48,49,59,54,37,52,76,75,58,52,54,35,58,79
Jay-Huff,'C',Denver-Nuggets,77,72,77,77,50,40,48,47,62,62,80,85,77,64,65,60,62,62,62,38,80,50,43,33,60,38,32,32,69,34,62,54,50,64,68
Cade-Cunningham,"'PG', 'SG'",Detroit-Pistons,83,89,79,84,95,98,83,83,62,80,94,90,80,83,40,75,60,62,60,83,98,83,86,83,86,75,75,40,55,80,75,76,75,41,69
Bojan-Bogdanovic,"'SF', 'PF'",Detroit-Pistons,96,86,85,88,85,95,67,62,60,72,93,75,84,79,40,70,49,60,64,84,70,77,74,66,82,52,78,36,35,77,75,62,70,35,53
Jaden-Ivey,"'SG', 'PG'",Detroit-Pistons,73,81,77,75,85,95,91,91,54,85,92,85,80,85,30,85,44,42,44,82,90,84,86,91,84,73,71,41,42,82,70,69,65,41,51
Jalen-Duren,'C',Detroit-Pistons,93,57,35,61,50,75,73,73,81,84,89,90,80,79,80,80,60,49,54,79,80,59,59,59,50,33,62,41,71,67,72,66,60,90,86
James-Wiseman,'C',Detroit-Pistons,95,72,70,70,80,70,70,70,70,68,87,85,87,71,80,75,72,64,71,50,85,54,66,54,64,30,50,30,67,63,78,54,65,67,86
Marvin-Bagley-III,"'PF', 'C'",Detroit-Pistons,91,80,71,75,50,65,73,74,80,86,85,80,87,79,80,80,80,78,81,65,80,47,62,64,60,31,49,36,67,57,70,65,55,71,76
Monte-Morris,"'PG', 'SG'",Detroit-Pistons,93,92,82,83,85,85,83,83,41,72,85,80,81,79,25,50,28,45,32,70,80,94,86,83,94,73,62,40,40,70,52,55,35,34,53
Isaiah-Stewart,"'PF', 'C'",Detroit-Pistons,92,76,75,74,65,60,63,62,80,70,89,87,77,76,75,70,75,64,80,70,79,44,34,52,50,33,54,33,61,60,72,42,50,66,83
Ausar-Thompson,"'SG', 'SF'",Detroit-Pistons,83,70,68,66,50,50,94,94,50,98,95,80,80,84,60,94,45,46,45,56,85,75,83,91,75,69,78,82,54,85,70,75,65,58,60
Joe-Harris,"'SF', 'SG'",Detroit-Pistons,74,76,86,60,98,85,69,69,40,67,90,85,83,76,25,45,30,48,32,40,88,72,73,67,74,37,66,38,42,69,58,63,55,33,50
Alec-Burks,"'SG', 'PG'",Detroit-Pistons,84,82,84,81,65,85,78,78,48,69,89,72,85,78,40,69,40,58,78,70,77,72,79,76,73,62,72,46,40,72,74,70,55,34,61
Killian-Hayes,"'PG', 'SG'",Detroit-Pistons,79,83,70,82,75,65,79,79,56,70,89,85,83,74,25,60,35,55,60,45,85,82,83,75,84,77,73,70,51,77,69,70,65,32,50
Isaiah-Livers,"'SF', 'PF'",Detroit-Pistons,78,86,80,82,85,75,73,73,55,71,85,66,82,76,25,65,26,32,35,44,80,68,70,70,65,29,65,38,61,74,60,60,55,37,52
Marcus-Sasser,"'SG', 'PG'",Detroit-Pistons,72,77,80,82,55,50,75,75,47,69,85,85,80,75,25,50,32,37,37,47,75,74,80,75,74,54,70,70,35,83,67,67,65,37,44
Jared-Rhoden,"'SF', 'PF'",Detroit-Pistons,56,73,74,80,50,40,68,68,62,70,80,80,82,70,65,70,42,44,37,44,75,55,69,63,54,27,68,37,35,72,62,67,55,55,63
Malcolm-Cazalon,'SG',Detroit-Pistons,72,66,71,77,50,50,74,74,42,82,80,75,80,69,30,70,48,44,38,37,80,62,64,64,64,33,71,70,51,79,68,70,60,49,54
Stanley-Umude,"'SG', 'SF'",Detroit-Pistons,71,70,76,73,60,40,67,67,52,70,85,73,82,67,30,60,42,43,45,47,74,68,68,65,68,33,67,36,57,68,65,57,60,34,65
Stephen-Curry,"'PG', 'SG'",Golden-State-Warriors,98,92,99,92,98,99,84,84,48,73,98,98,86,96,25,36,35,52,35,94,98,93,97,84,97,75,75,47,47,77,78,85,65,36,67
Chris-Paul,'PG',Golden-State-Warriors,95,89,81,83,60,85,80,80,62,75,90,75,77,86,25,27,40,55,70,50,90,90,90,80,90,85,87,73,50,85,88,75,85,33,59
Klay-Thompson,"'SG', 'SF'",Golden-State-Warriors,89,86,93,88,95,98,71,74,62,67,91,85,94,75,35,65,35,65,64,36,90,77,76,71,77,42,86,37,51,86,85,85,85,34,54
Draymond-Green,"'PF', 'C'",Golden-State-Warriors,98,70,74,71,65,55,73,74,85,66,85,90,88,70,55,65,60,59,63,40,85,83,78,69,92,73,86,43,62,82,93,84,95,41,81
Andrew-Wiggins,"'SF', 'PF'",Golden-State-Warriors,92,84,83,61,70,80,82,82,57,97,98,90,83,77,40,90,65,74,77,65,85,72,82,80,75,41,82,53,61,83,80,79,75,53,53
Kevon-Looney,'C',Golden-State-Warriors,97,58,69,61,75,70,58,69,74,63,85,96,84,78,75,70,55,52,62,52,66,55,61,48,66,53,46,41,62,62,74,64,65,94,91
Jonathan-Kuminga,"'PF', 'SF'",Golden-State-Warriors,93,85,81,65,75,75,84,84,73,90,88,80,80,80,65,85,49,50,50,62,85,69,67,75,60,48,73,42,60,79,70,69,50,52,56
Gary-Payton-II,"'SF', 'SG'",Golden-State-Warriors,79,70,79,66,60,60,81,81,48,85,85,80,83,79,35,75,30,42,42,75,89,75,78,81,72,42,83,90,51,80,76,91,80,62,61
Dario-Saric,"'C', 'PF'",Golden-State-Warriors,82,65,83,83,70,80,63,69,65,60,82,86,81,79,45,70,74,74,81,60,92,75,69,57,84,48,49,40,45,61,74,50,65,60,79
Cory-Joseph,"'PG', 'SG'",Golden-State-Warriors,88,75,82,79,75,70,72,72,40,65,88,70,84,72,25,30,27,39,29,55,85,80,84,72,80,72,75,41,40,80,68,59,65,34,44
Moses-Moody,"'SG', 'SF'",Golden-State-Warriors,89,77,80,70,60,75,73,73,68,70,88,80,80,80,40,70,44,48,49,70,80,65,74,70,64,35,71,37,45,77,69,60,65,43,50
Usman-Garuba,'C',Golden-State-Warriors,67,59,82,62,60,50,68,68,70,69,85,95,80,79,60,70,48,44,48,60,92,60,66,60,67,37,70,66,68,75,72,80,75,87,79
Brandin-Podziemski,"'SG', 'PG'",Golden-State-Warriors,78,77,78,77,60,40,82,82,54,78,89,85,80,75,35,60,54,55,55,60,85,69,80,81,68,41,63,72,44,69,62,72,45,57,68
Jerome-Robinson,"'SG', 'SF'",Golden-State-Warriors,60,76,66,80,60,65,76,78,60,71,80,75,83,76,30,60,30,37,38,54,78,74,77,76,76,41,62,53,56,76,58,60,35,32,54
Trayce-Jackson-Davis,"'PF', 'C'",Golden-State-Warriors,70,70,44,69,50,45,79,79,63,88,85,75,80,65,80,80,60,60,60,35,75,62,66,69,64,55,58,44,74,58,57,55,50,61,69
Jalen-Green,"'SG', 'PG'",Houston-Rockets,83,86,80,79,80,95,88,88,55,92,88,85,80,89,40,91,56,56,56,89,95,77,86,84,79,65,73,38,42,77,70,68,60,34,50
Fred-VanVleet,"'PG', 'SG'",Houston-Rockets,77,85,79,90,90,90,83,83,42,75,95,94,82,82,25,35,30,32,28,80,98,89,86,83,92,74,83,73,55,83,79,74,80,31,55
Alperen-Sengun,'C',Houston-Rockets,96,72,75,72,75,85,52,52,80,69,88,90,80,79,70,80,87,87,87,74,95,74,62,48,75,70,63,46,72,64,69,85,65,82,81
Tari-Eason,"'PF', 'SF'",Houston-Rockets,67,72,79,75,85,80,80,80,70,80,85,85,80,79,35,80,54,52,51,61,80,50,70,72,47,34,71,80,66,77,70,68,50,80,72
Dillon-Brooks,"'SF', 'SG'",Houston-Rockets,82,68,75,78,70,65,75,75,65,75,88,95,85,74,35,75,55,59,64,78,85,59,74,69,58,44,91,42,42,91,90,90,90,36,48
Amen-Thompson,"'SG', 'PG'",Houston-Rockets,85,67,60,66,40,45,95,95,50,99,95,80,80,87,60,95,44,48,44,50,90,80,86,95,80,75,80,83,53,88,73,80,70,54,58
Reggie-Bullock,"'PF', 'SF'",Houston-Rockets,87,81,82,70,98,80,63,67,50,72,80,85,80,71,40,50,30,51,42,60,66,75,71,56,72,32,75,38,37,75,70,71,70,33,56
Victor-Oladipo,"'SG', 'PG'",Houston-Rockets,87,81,76,75,60,55,81,81,66,88,85,85,83,75,35,75,41,53,40,50,84,75,82,80,80,69,79,77,51,82,78,78,75,33,56
Jeff-Green,"'PF', 'SF'",Houston-Rockets,86,65,71,74,85,60,63,57,70,84,89,85,82,79,65,80,70,68,72,68,85,69,74,50,70,35,70,35,53,75,68,54,60,45,52
Jock-Landale,'C',Houston-Rockets,97,64,63,75,80,70,54,54,64,75,80,75,80,69,65,60,60,60,86,66,80,58,52,45,64,40,48,35,67,48,62,60,45,86,72
Aaron-Holiday,"'PG', 'SG'",Houston-Rockets,64,79,84,84,85,75,76,77,49,56,85,85,84,70,25,60,25,45,32,47,80,82,86,76,82,50,68,63,51,75,67,69,45,41,41
Boban-Marjanovic,'C',Houston-Rockets,91,70,63,74,75,55,25,25,71,40,70,45,65,50,95,60,69,60,76,70,40,60,35,25,35,36,30,42,51,35,65,73,65,80,87
Nate-Hinton,'SG',Houston-Rockets,60,70,73,76,60,40,80,80,57,84,80,75,80,70,40,75,49,51,58,42,80,60,66,70,62,31,62,36,56,73,58,54,35,57,60
Tyrese-Haliburton,"'PG', 'SG'",Indiana-Pacers,86,96,84,87,80,98,83,83,59,70,95,90,80,92,40,65,42,49,40,85,95,98,89,83,98,97,77,70,51,76,78,75,75,34,50
Myles-Turner,'C',Indiana-Pacers,97,82,81,78,85,85,56,32,80,69,95,80,83,79,80,65,76,80,88,60,95,31,35,32,68,34,70,36,90,66,90,70,85,52,82
Bennedict-Mathurin,"'SG', 'SF'",Indiana-Pacers,78,78,75,83,90,90,84,84,54,82,92,85,80,84,35,80,55,58,55,84,90,75,79,81,82,34,69,37,37,78,65,62,50,47,53
Bruce-Brown,"'SG', 'PG'",Indiana-Pacers,80,64,80,76,98,85,78,78,75,80,92,80,84,80,30,70,28,34,42,65,95,79,79,76,87,61,77,56,60,77,79,75,65,41,58
Buddy-Hield,"'SF', 'SG'",Indiana-Pacers,75,80,91,82,75,85,75,78,41,78,90,60,82,75,25,65,28,45,48,59,94,70,79,74,70,52,69,53,47,74,54,60,50,40,63
Obi-Toppin,"'PF', 'C'",Indiana-Pacers,74,75,78,81,85,60,70,69,74,90,88,70,88,79,85,90,67,67,69,40,90,55,60,56,59,37,48,38,51,47,62,47,40,40,67
Jalen-Smith,"'PF', 'C'",Indiana-Pacers,82,59,70,77,70,50,69,68,65,86,82,75,80,60,85,80,68,66,67,47,80,29,38,49,40,34,48,35,80,62,73,44,55,76,82
Andrew-Nembhard,"'PG', 'SG'",Indiana-Pacers,82,84,78,79,85,85,76,76,46,71,85,69,80,80,39,60,44,52,47,54,75,80,79,74,80,71,80,46,37,81,78,75,75,34,47
Jordan-Nwora,"'PF', 'SF'",Indiana-Pacers,86,69,84,79,98,85,59,57,60,72,82,80,78,76,60,65,49,47,50,69,60,59,64,43,65,41,52,37,50,65,54,50,50,48,65
Aaron-Nesmith,"'SF', 'PF'",Indiana-Pacers,68,71,80,84,95,85,68,68,52,74,87,80,81,70,35,55,53,57,57,64,85,69,70,64,65,34,67,42,56,68,72,52,45,43,58
Isaiah-Jackson,"'C', 'PF'",Indiana-Pacers,74,69,59,65,65,60,73,73,65,81,82,80,80,79,85,80,59,48,55,56,80,40,59,54,44,33,54,42,90,64,66,49,55,80,70
Jarace-Walker,"'PF', 'SF'",Indiana-Pacers,80,68,71,66,40,40,81,81,80,90,90,85,80,80,80,87,57,58,58,40,80,69,62,70,68,47,67,77,80,70,65,62,65,74,66
Daniel-Theis,'C',Indiana-Pacers,86,80,73,75,65,30,57,67,82,75,90,87,65,70,79,78,74,54,73,35,85,69,49,42,54,46,53,36,83,54,83,57,80,60,64
Ben-Sheppard,"'SG', 'SF'",Indiana-Pacers,67,78,80,70,60,50,84,84,54,75,85,75,80,68,35,60,48,49,47,49,80,70,73,74,70,49,64,64,52,74,60,65,50,40,52
Oscar-Tshiebwe,"'PF', 'C'",Indiana-Pacers,70,69,37,70,45,30,75,67,69,75,80,90,80,62,75,75,54,48,48,37,95,42,40,39,55,37,48,31,72,48,69,40,55,80,80
Kendall-Brown,"'SF', 'SG'",Indiana-Pacers,70,68,73,69,80,40,74,74,44,84,85,81,80,67,57,80,39,38,40,34,80,70,71,67,69,50,68,55,52,68,65,65,60,39,47
Isaiah-Wong,"'PG', 'SG'",Indiana-Pacers,76,76,75,82,69,50,79,76,40,80,85,69,80,74,25,45,26,32,26,59,80,67,76,74,67,53,60,53,32,67,60,57,45,33,44
Kawhi-Leonard,"'SF', 'PF'",los-angeles-clippers,97,93,87,87,98,95,84,84,79,79,87,85,82,90,55,80,65,88,85,66,98,79,86,83,78,69,94,80,53,94,95,90,95,43,69
Paul-George,"'SG', 'SF'",los-angeles-clippers,97,80,81,88,90,95,79,79,70,88,95,75,93,89,55,85,40,70,75,55,80,78,87,79,75,72,87,74,47,87,88,80,85,37,68
Russell-Westbrook,"'PG', 'SG'",los-angeles-clippers,79,72,73,66,75,85,91,91,75,92,92,85,92,82,30,80,45,66,66,50,85,82,86,91,84,85,74,53,52,81,70,55,70,48,67
Ivica-Zubac,'C',los-angeles-clippers,98,74,26,70,80,85,26,25,80,75,80,90,80,79,80,75,81,54,88,75,82,70,35,26,47,30,34,33,80,45,75,40,45,81,88
Norman-Powell,"'SF', 'SG'",los-angeles-clippers,88,77,83,81,75,80,79,83,46,80,92,90,82,85,25,80,30,32,28,78,88,74,79,77,75,42,79,46,50,78,77,74,75,33,51
Mason-Plumlee,'C',los-angeles-clippers,90,60,58,64,75,65,57,41,80,75,78,92,83,81,85,80,75,70,70,74,81,75,37,50,72,65,46,38,60,48,77,68,75,79,86
Kenyon-Martin-Jr.,"'SF', 'PF'",los-angeles-clippers,93,68,74,68,85,90,83,83,62,90,80,60,81,84,75,92,44,44,44,75,75,64,76,69,64,35,67,36,52,70,62,54,50,55,65
Marcus-Morris-Sr.,"'PF', 'C'",los-angeles-clippers,94,79,80,78,65,60,73,47,75,69,94,80,86,70,55,70,68,67,67,64,84,60,60,49,44,37,68,38,50,75,70,61,60,34,61
Robert-Covington,"'PF', 'C'",los-angeles-clippers,73,69,83,83,70,60,68,69,62,70,85,75,82,76,55,65,59,58,59,30,70,60,65,65,60,42,81,73,76,80,80,80,80,47,73
Terance-Mann,"'PG', 'SG'",los-angeles-clippers,79,85,82,78,95,75,71,70,50,79,85,90,80,78,45,75,47,50,50,72,75,79,79,70,83,54,66,38,50,73,62,59,50,48,54
Joshua-Primo,"'SG', 'SG'",los-angeles-clippers,73,77,73,75,85,85,76,76,27,71,85,85,80,69,40,60,34,34,34,39,95,64,70,73,64,41,70,37,60,77,70,55,60,42,47
Nicolas-Batum,"'PF', 'C'",los-angeles-clippers,88,77,83,71,60,55,68,64,65,82,88,80,83,74,55,60,40,63,62,35,80,70,71,68,73,38,73,43,62,75,68,50,60,45,64
Brandon-Boston-Jr.,"'SG', 'SF'",los-angeles-clippers,66,70,78,76,90,85,79,79,50,80,80,75,83,79,30,80,30,30,30,44,78,64,76,75,66,47,62,53,25,72,52,50,30,41,50
Amir-Coffey,"'SF', 'PF'",los-angeles-clippers,78,69,69,78,70,50,75,75,52,75,80,70,79,84,25,40,38,53,54,69,81,72,75,75,74,42,64,31,42,69,68,64,50,40,41
Kobe-Brown,"'PF', 'SF'",los-angeles-clippers,80,72,75,79,50,60,60,60,74,66,88,85,80,72,60,65,64,64,64,50,80,62,60,57,64,37,62,52,57,62,60,57,45,57,62
Moussa-Diabate,"'C', 'PF'",los-angeles-clippers,65,68,67,61,50,40,73,73,60,78,80,75,80,67,65,80,50,50,51,35,68,42,40,66,52,27,41,53,75,56,65,50,55,87,52
Jordan-Miller,'SF',los-angeles-clippers,67,70,72,74,50,35,84,78,52,81,85,70,80,70,40,80,54,52,58,40,65,60,69,72,62,47,65,57,67,75,60,40,45,37,42
LeBron-James,"'SF', 'PF'",Los-Angeles-Lakers,94,81,75,77,95,98,87,87,89,89,99,93,97,98,80,89,82,90,84,96,98,90,87,85,97,82,79,68,75,79,78,90,60,64,78
Anthony-Davis,"'C', 'PF'",Los-Angeles-Lakers,96,79,70,78,70,98,79,78,92,86,97,98,78,85,90,88,83,86,86,90,95,60,75,67,72,50,80,43,85,78,93,90,95,80,89
Austin-Reaves,"'SG', 'PG'",Los-Angeles-Lakers,95,97,83,86,90,90,83,83,44,81,85,80,80,87,25,70,31,32,32,95,85,70,73,78,74,61,73,35,47,73,73,70,65,35,47
Christian-Wood,"'C', 'PF'",Los-Angeles-Lakers,95,72,81,77,60,95,56,59,74,66,93,85,83,87,90,85,81,79,81,65,95,30,60,44,40,44,51,36,76,56,74,62,45,53,89
Rui-Hachimura,"'PF', 'SF'",Los-Angeles-Lakers,83,94,80,74,75,65,72,74,79,80,90,85,80,73,80,80,74,70,72,60,85,51,72,67,54,31,54,32,55,67,59,50,35,45,67
Gabe-Vincent,"'PG', 'SG'",Los-Angeles-Lakers,91,95,81,87,98,90,73,73,40,66,85,69,82,76,25,45,26,32,26,59,80,78,80,70,79,54,60,53,32,65,60,57,45,33,45
Jarred-Vanderbilt,"'PF', 'C'",Los-Angeles-Lakers,85,69,74,69,75,80,75,76,70,80,75,95,78,75,75,75,40,32,50,50,85,60,65,65,38,50,80,63,47,77,82,88,80,70,83
Taurean-Prince,"'SF', 'PF'",Los-Angeles-Lakers,94,74,82,84,70,60,80,78,60,84,84,85,81,70,75,70,52,45,51,55,85,68,70,69,55,38,74,38,51,76,68,81,60,32,52
Jaxson-Hayes,"'C', 'PF'",Los-Angeles-Lakers,96,68,60,70,70,70,58,60,72,75,80,95,80,71,85,80,68,54,65,52,90,29,38,41,40,34,48,46,70,64,79,45,65,61,68
Jalen-Hood-Schifino,"'PG', 'SG'",Los-Angeles-Lakers,73,83,73,77,70,60,79,79,48,72,85,85,80,74,35,65,49,49,52,44,90,78,82,79,77,68,74,40,45,78,60,59,55,31,49
Max-Christie,"'SG', 'SF'",Los-Angeles-Lakers,70,76,84,82,50,45,87,87,55,82,98,80,80,70,35,80,39,42,42,41,90,68,70,78,66,30,63,35,51,70,60,57,50,32,60
Maxwell-Lewis,"'SF', 'SG'",Los-Angeles-Lakers,70,70,77,79,70,40,67,67,44,75,85,80,80,70,35,70,30,38,26,42,76,60,70,62,64,42,68,43,47,75,60,52,50,33,42
Alex-Fudge,"'SF', 'PF'",Los-Angeles-Lakers,68,60,63,68,65,35,85,79,42,84,80,75,80,66,40,80,44,44,31,41,80,60,71,73,62,26,62,30,25,75,50,40,40,46,42
Colin-Castleton,"'C', 'PF'",Los-Angeles-Lakers,73,64,40,73,50,40,58,54,63,63,80,75,80,64,65,65,60,61,62,38,80,50,57,33,60,38,32,32,70,34,62,54,50,64,65
Ja-Morant,'PG',Memphis-Grizzlies,90,80,75,76,80,98,95,95,52,97,97,98,80,97,25,97,54,54,54,95,98,96,96,95,95,90,72,60,42,83,79,78,75,41,66
Jaren-Jackson-Jr.,"'PF', 'C'",Memphis-Grizzlies,94,89,79,79,75,95,63,65,82,75,90,80,94,82,85,80,85,83,86,60,80,45,60,33,50,30,71,49,98,76,95,71,95,57,72
Desmond-Bane,"'SG', 'SF'",Memphis-Grizzlies,88,96,87,88,75,90,74,74,56,78,92,85,78,88,35,75,49,61,56,84,84,82,82,70,82,70,80,42,51,80,78,78,80,37,62
Marcus-Smart,"'PG', 'SG'",Memphis-Grizzlies,86,67,79,75,75,50,75,82,73,83,89,90,83,74,25,50,25,58,78,27,70,75,74,74,75,73,91,80,47,93,90,91,90,37,45
Steven-Adams,'C',Memphis-Grizzlies,94,65,26,36,60,65,48,37,81,68,88,90,82,69,70,70,79,62,82,49,79,69,35,33,68,42,55,43,76,63,85,79,80,97,86
Brandon-Clarke,"'C', 'PF'",Memphis-Grizzlies,97,86,57,72,55,30,82,83,64,82,90,95,80,87,80,84,63,62,62,64,80,59,69,65,62,38,75,43,71,78,78,72,75,67,79
Xavier-Tillman,"'C', 'PF'",Memphis-Grizzlies,90,63,57,55,80,80,46,44,72,69,82,94,80,76,75,65,70,70,70,46,95,62,61,37,68,42,66,70,62,67,80,84,75,74,67
Luke-Kennard,"'SG', 'SF'",Memphis-Grizzlies,91,83,92,94,90,90,69,68,40,60,92,85,80,75,30,60,28,50,35,49,95,76,78,66,79,38,51,40,32,65,50,50,45,31,54
Derrick-Rose,"'PG', 'SG'",Memphis-Grizzlies,84,70,74,89,65,90,86,86,50,89,85,95,69,86,25,45,55,55,55,65,85,83,86,86,88,69,67,37,53,75,66,64,40,37,51
Santi-Aldama,"'PF', 'C'",Memphis-Grizzlies,87,74,79,75,90,80,44,44,70,59,80,80,79,66,70,65,69,69,69,55,85,60,42,40,50,34,54,41,66,54,74,59,45,52,70
David-Roddy,"'SF', 'PF'",Memphis-Grizzlies,81,70,73,63,50,75,75,74,73,66,88,85,80,77,50,60,62,62,62,59,81,62,66,54,60,31,65,38,53,70,69,62,55,46,55
Ziaire-Williams,"'SG', 'SF'",Memphis-Grizzlies,86,83,66,77,70,45,87,87,40,82,90,88,80,82,65,80,48,44,58,55,75,50,79,82,54,35,73,40,50,77,70,71,65,40,54
Jake-LaRavia,"'PF', 'SF'",Memphis-Grizzlies,72,72,79,78,70,65,59,59,62,72,88,85,80,73,60,75,45,47,46,61,70,69,68,57,68,32,43,42,47,69,66,58,40,49,53
John-Konchar,"'SF', 'SG'",Memphis-Grizzlies,69,76,77,78,75,50,62,63,40,70,93,90,84,77,40,55,44,47,47,40,85,74,76,60,79,35,62,73,55,69,50,60,45,47,68
Kenneth-Lofton-Jr.,"'C', 'PF'",Memphis-Grizzlies,83,74,70,59,70,50,64,64,82,70,85,90,80,74,55,75,70,68,70,50,80,60,62,58,64,66,38,41,50,57,57,52,50,77,73
Vince-Williams-Jr.,"'SG', 'SF'",Memphis-Grizzlies,68,71,78,78,60,40,68,68,52,70,87,65,80,69,35,70,41,53,39,44,76,69,70,60,65,29,64,83,56,71,55,68,45,45,52
Jacob-Gilyard,'PG',Memphis-Grizzlies,60,72,80,87,50,45,88,88,32,80,85,80,80,67,25,25,28,28,25,37,78,84,86,88,82,74,55,79,35,80,49,58,45,32,37
Jimmy-Butler,"'SF', 'PF'",Miami-Heat,97,79,80,85,98,98,84,84,76,82,97,98,81,95,40,80,80,80,80,98,98,85,86,82,89,77,90,90,65,92,92,92,90,62,59
Bam-Adebayo,"'C', 'PF'",Miami-Heat,93,87,65,81,60,60,74,74,85,83,92,90,90,81,85,80,80,80,81,70,90,72,69,66,74,62,83,49,63,73,92,80,90,65,84
Tyler-Herro,"'SG', 'PG'",Miami-Heat,93,78,85,93,90,98,79,78,59,72,85,75,80,86,30,60,37,55,48,84,95,79,83,74,84,69,69,38,42,70,65,60,50,31,68
Caleb-Martin,"'SG', 'SF'",Miami-Heat,83,93,83,81,90,80,55,55,58,74,85,90,80,84,25,70,55,54,54,69,75,62,69,54,69,35,75,49,55,74,74,72,70,48,63
Kevin-Love,"'PF', 'C'",Miami-Heat,94,78,76,88,60,45,66,38,82,70,75,96,77,72,70,50,77,84,84,50,95,65,52,33,77,50,50,32,47,54,75,57,50,52,94
Duncan-Robinson,"'SF', 'SG'",Miami-Heat,81,81,85,90,85,65,59,59,35,72,85,75,83,75,30,70,40,44,35,64,90,66,72,56,70,39,52,37,25,65,50,50,30,31,51
Kyle-Lowry,'PG',Miami-Heat,96,75,78,86,70,50,84,84,67,72,96,97,79,70,25,25,38,44,40,45,95,80,86,84,80,71,82,49,51,82,78,75,75,38,57
Thomas-Bryant,'C',Miami-Heat,92,86,82,74,50,80,62,57,80,52,88,95,82,72,75,65,77,77,77,58,78,40,53,53,42,29,40,33,63,57,79,50,50,67,85
Josh-Richardson,"'SG', 'SF'",Miami-Heat,91,90,80,85,70,60,80,80,57,72,95,80,83,75,50,78,30,48,32,45,80,69,78,79,68,62,81,66,51,81,80,80,80,39,49
Haywood-Highsmith,"'PF', 'SF'",Miami-Heat,76,70,80,60,90,75,70,70,50,79,80,65,86,68,35,50,52,54,52,44,80,55,70,64,55,32,66,56,57,70,60,65,50,58,66
Nikola-Jovic,"'PF', 'SF'",Miami-Heat,85,70,67,72,79,75,68,68,44,72,85,70,80,79,30,60,55,60,44,47,80,69,70,67,68,33,62,49,50,65,60,57,40,50,58
Jaime-Jaquez-Jr.,"'PF', 'SF'",Miami-Heat,70,68,72,77,60,40,67,67,68,82,88,90,80,74,55,70,60,64,63,45,80,68,68,64,70,60,72,74,72,75,75,72,70,60,62
Orlando-Robinson,'C',Miami-Heat,86,69,74,71,85,70,49,49,64,64,80,85,77,60,70,60,49,48,50,38,85,52,40,35,54,36,36,42,68,36,55,54,45,84,81
Jamal-Cain,"'SF', 'PF'",Miami-Heat,80,59,70,77,75,65,66,66,60,75,80,70,83,80,65,70,59,55,57,40,75,44,53,60,49,34,68,70,35,68,55,50,50,60,72
Cole-Swider,'PF',Miami-Heat,70,72,79,80,50,40,52,52,54,63,85,65,80,65,55,60,52,55,55,40,70,55,42,47,59,38,42,37,35,50,75,50,55,44,51
Dru-Smith,"'SG', 'PG'",Miami-Heat,57,74,76,84,55,55,70,70,43,62,85,75,80,79,40,45,38,37,40,40,80,74,76,70,74,68,63,78,65,69,65,68,50,32,65
Giannis-Antetokounmpo,"'PF', 'SF'",Milwaukee-Bucks,88,74,69,65,75,98,89,87,94,85,98,95,91,98,85,91,79,74,87,97,95,84,87,80,95,78,90,38,80,90,92,88,95,61,91
Damian-Lillard,'PG',Milwaukee-Bucks,89,97,88,92,98,98,87,87,63,89,97,95,98,96,25,85,30,38,42,96,98,92,95,86,93,80,69,40,45,76,72,77,60,36,57
Khris-Middleton,"'SF', 'PF'",Milwaukee-Bucks,95,92,84,90,65,80,71,72,73,66,92,80,90,84,40,65,67,80,83,65,85,78,77,71,78,75,84,42,37,84,83,80,80,43,61
Brook-Lopez,'C',Milwaukee-Bucks,97,84,83,78,80,95,25,25,89,60,92,90,79,70,80,65,84,84,84,70,95,35,35,25,78,31,45,33,90,60,94,78,95,61,64
Bobby-Portis,"'C', 'PF'",Milwaukee-Bucks,97,87,80,77,70,80,65,64,80,64,85,90,84,74,75,70,80,80,82,74,85,55,52,59,52,36,40,35,42,50,75,65,65,67,90
Cameron-Payne,'PG',Milwaukee-Bucks,79,88,80,77,80,90,75,75,39,72,82,75,84,83,25,25,25,36,31,75,72,75,86,75,79,77,60,49,42,70,51,52,40,31,52
Malik-Beasley,"'SG', 'SF'",Milwaukee-Bucks,96,72,79,77,80,80,75,75,55,79,93,85,84,80,45,78,63,65,41,50,76,69,79,68,70,36,66,43,35,75,60,54,45,34,56
Pat-Connaughton,"'SF', 'SG'",Milwaukee-Bucks,76,69,77,66,70,80,77,78,45,95,80,90,83,84,30,86,35,34,30,66,90,69,78,65,78,33,69,40,40,74,50,54,50,43,66
Jae-Crowder,"'PF', 'SF'",Milwaukee-Bucks,92,86,85,80,50,45,68,69,82,73,93,93,89,77,70,60,63,65,60,47,85,65,75,66,83,41,78,49,53,79,80,90,75,52,68
MarJon-Beauchamp,"'SF', 'SG'",Milwaukee-Bucks,72,74,76,73,50,70,76,76,52,82,89,70,80,75,40,70,29,42,44,40,74,65,70,70,67,32,69,42,45,74,65,69,45,54,52
Robin-Lopez,'C',Milwaukee-Bucks,96,73,76,60,45,40,25,25,80,57,85,90,82,78,75,60,96,55,85,50,88,30,35,25,69,37,55,28,65,25,80,64,70,67,52
TyTy-Washington,"'PG', 'SG'",Milwaukee-Bucks,78,77,70,75,85,60,80,80,54,79,95,85,80,76,25,75,25,38,26,50,80,68,86,80,69,60,66,49,37,76,62,70,40,27,52
Thanasis-Antetokounmpo,"'PF', 'C'",Milwaukee-Bucks,71,66,66,50,85,65,77,75,42,82,80,90,87,80,40,85,53,50,60,69,64,54,69,69,75,38,59,33,51,60,54,50,40,64,61
Andre-Jackson-Jr.,"'SG', 'SF'",Milwaukee-Bucks,70,68,70,70,60,40,87,87,50,84,90,80,80,70,40,85,43,44,44,37,87,69,69,74,64,49,63,56,52,70,64,51,40,61,60
Lindell-Wigginton,"'PG', 'SG'",Milwaukee-Bucks,67,68,78,69,70,65,75,75,44,72,84,71,84,79,30,60,25,40,25,50,75,69,75,74,70,71,68,40,37,72,68,67,50,33,53
Chris-Livingston,"'SF', 'PF'",Milwaukee-Bucks,76,68,70,72,60,35,80,80,54,83,85,65,80,76,50,80,39,44,40,37,79,65,69,68,52,34,64,47,48,74,52,62,40,52,51
Marques-Bolden,'C',Milwaukee-Bucks,68,60,30,68,50,30,59,58,65,77,85,85,84,64,70,65,64,52,62,32,80,30,35,34,32,30,40,49,78,42,74,55,40,68,69
Anthony-Edwards,"'SG', 'SF'",Minnesota-Timberwolves,82,81,81,76,95,98,89,89,52,86,89,90,83,94,50,90,60,62,62,84,98,74,86,83,79,68,83,63,57,84,82,80,85,34,65
Karl-Anthony-Towns,"'PF', 'C'",Minnesota-Timberwolves,92,94,79,87,70,90,76,76,87,70,98,80,82,78,90,75,85,84,85,70,98,60,65,66,79,71,50,37,55,61,79,55,55,53,78
Rudy-Gobert,'C',Minnesota-Timberwolves,74,60,25,64,80,50,48,25,87,57,90,95,81,60,90,75,65,58,65,70,85,68,35,25,58,31,64,40,78,65,90,74,85,81,91
Jaden-McDaniels,"'SF', 'PF'",Minnesota-Timberwolves,89,85,83,74,75,80,79,78,60,80,85,84,90,74,40,75,52,56,54,52,85,44,78,70,40,36,88,43,67,88,88,88,90,46,49
Mike-Conley,'PG',Minnesota-Timberwolves,86,96,82,83,70,70,83,84,40,92,85,80,82,76,25,30,25,40,29,60,84,90,89,83,90,74,83,49,40,82,83,80,80,34,44
Naz-Reid,"'C', 'PF'",Minnesota-Timberwolves,90,70,78,68,85,90,50,49,80,70,88,92,80,82,80,80,69,58,69,84,94,59,58,49,65,38,54,46,76,54,77,59,55,57,82
Kyle-Anderson,"'PF', 'SF'",Minnesota-Timberwolves,97,70,81,74,95,80,66,67,62,66,85,64,83,79,55,45,45,48,41,49,70,78,81,65,79,71,79,56,67,80,78,75,75,43,67
Shake-Milton,"'PG', 'SF'",Minnesota-Timberwolves,82,81,82,85,80,80,77,79,38,77,88,85,83,78,30,60,46,44,40,50,89,79,84,77,79,71,65,35,45,74,58,50,40,40,53
Nickeil-Alexander-Walker,"'SG', 'PG'",Minnesota-Timberwolves,81,76,82,67,70,75,72,75,60,70,90,75,80,85,40,60,54,58,64,60,88,75,81,72,76,64,78,49,60,76,70,74,75,34,51
Jordan-McLaughlin,'PG',Minnesota-Timberwolves,85,74,72,75,95,70,72,72,52,74,80,70,83,84,25,65,25,25,25,49,70,83,84,70,80,73,73,66,37,74,52,74,60,37,43
Troy-Brown-Jr.,"'SF', 'SG'",Minnesota-Timberwolves,82,73,82,87,50,55,70,71,58,69,85,80,81,70,30,70,54,59,54,65,80,75,77,61,75,32,72,43,42,78,72,71,55,43,60
Luka-Garza,'C',Minnesota-Timberwolves,86,70,80,79,70,85,40,40,69,48,80,85,80,69,60,45,69,69,69,59,85,55,35,34,55,44,30,32,42,32,52,56,30,91,60
Leonard-Miller,"'PF', 'SF'",Minnesota-Timberwolves,74,70,72,79,60,50,73,73,55,82,90,75,80,75,65,85,59,54,55,37,80,51,70,70,52,43,63,52,57,67,60,59,40,52,71
Josh-Minott,"'SF', 'PF'",Minnesota-Timberwolves,74,65,64,75,50,30,72,72,62,80,80,80,80,75,65,80,51,55,52,40,75,62,63,68,60,44,63,63,74,70,60,65,60,66,69
Daishen-Nix,"'PG', 'SG'",Minnesota-Timberwolves,74,60,72,67,65,70,90,90,63,75,80,85,80,75,40,75,35,51,42,40,80,72,75,87,74,68,60,46,42,73,52,58,40,35,49
Jaylen-Clark,'SG',Minnesota-Timberwolves,68,60,70,69,60,25,79,78,55,77,85,94,79,72,50,70,40,38,44,40,72,50,66,76,50,39,81,78,50,86,77,70,70,51,50
Zion-Williamson,"'PF', 'C'",New-Orleans-Pelicans,95,70,73,71,90,98,86,85,92,99,83,95,60,98,95,97,90,80,87,94,95,65,78,74,72,72,55,46,56,76,64,70,40,59,68
Brandon-Ingram,"'SF', 'PF'",New-Orleans-Pelicans,90,89,84,88,85,98,74,74,42,77,95,80,85,90,65,80,64,70,70,89,98,75,85,70,79,74,69,37,51,72,75,68,40,33,66
Jonas-Valanciunas,'C',New-Orleans-Pelicans,97,70,77,83,70,70,62,46,89,54,90,90,81,80,80,65,87,64,86,65,95,36,35,33,65,42,43,31,65,48,80,54,60,85,95
Herbert-Jones,"'SG', 'SF'",New-Orleans-Pelicans,83,66,76,76,90,85,74,74,59,72,82,85,80,79,55,75,62,62,62,55,85,69,75,69,75,42,88,80,61,87,84,83,85,52,50
Cody-Zeller,"'C', 'PF'",New-Orleans-Pelicans,80,70,38,69,65,70,70,40,75,80,89,95,84,65,75,75,67,65,67,65,79,68,40,31,64,33,37,33,58,54,76,60,55,85,80
Larry-Nance-Jr.,"'C', 'PF'",New-Orleans-Pelicans,97,74,78,70,80,60,65,60,69,86,88,85,83,72,85,85,58,54,69,60,78,69,64,49,70,44,48,59,66,61,75,89,55,66,77
Jose-Alvarado,"'PG', 'SG'",New-Orleans-Pelicans,82,72,77,81,75,60,76,76,42,78,80,79,80,83,25,30,35,30,30,40,85,75,73,75,68,60,85,88,42,86,85,85,85,36,49
Dyson-Daniels,"'SG', 'SF'",New-Orleans-Pelicans,74,72,74,65,75,65,79,84,52,75,89,85,80,81,25,75,44,55,47,44,85,82,86,79,82,63,79,59,50,80,78,78,75,44,67
Naji-Marshall,"'SF', 'PF'",New-Orleans-Pelicans,84,91,72,79,85,60,62,62,60,75,85,70,80,84,45,70,60,60,63,69,80,67,74,62,71,57,60,43,42,65,62,64,40,40,62
Jordan-Hawkins,"'PG', 'SG'",New-Orleans-Pelicans,72,78,82,87,75,70,70,71,48,67,89,80,80,73,25,60,37,48,44,55,80,72,75,68,70,45,65,57,37,72,67,64,50,44,47
E.J.-Liddell,"'PF', 'SF'",New-Orleans-Pelicans,80,79,76,76,40,45,73,73,65,89,80,65,80,75,55,60,66,71,68,37,85,59,60,59,58,49,54,44,79,60,62,54,50,59,66
Matt-Ryan,"'SF', 'SG'",New-Orleans-Pelicans,67,67,82,90,80,65,55,55,54,69,89,70,79,67,40,55,40,40,40,37,95,65,67,52,68,33,64,35,32,64,55,50,40,32,43
Kaiser-Gates,'SF',New-Orleans-Pelicans,70,74,79,76,70,55,62,62,48,64,85,70,80,66,25,55,37,37,28,40,61,55,74,60,57,35,57,36,25,64,52,54,40,34,47
Dereon-Seabron,"'SG', 'SF'",New-Orleans-Pelicans,65,66,60,69,50,40,83,85,68,85,89,70,83,74,40,80,44,47,50,40,98,64,68,74,60,44,71,42,45,70,57,44,50,33,50
Jalen-Brunson,"'PG', 'SG'",New-York-Knicks,96,94,85,84,98,98,82,82,42,69,93,92,81,90,40,35,50,56,50,88,98,87,88,81,88,74,70,41,40,78,65,55,65,34,48
Julius-Randle,"'PF', 'C'",New-York-Knicks,97,78,78,76,95,98,73,76,87,69,95,90,84,92,85,80,79,60,86,92,85,74,80,68,84,67,73,36,42,76,73,52,75,52,86
Mitchell-Robinson,'C',New-York-Knicks,75,68,32,48,95,50,48,25,84,83,85,95,80,79,90,80,65,52,50,64,80,70,40,25,54,29,49,49,90,65,87,65,80,95,76
Josh-Hart,"'SF', 'SG'",New-York-Knicks,79,67,81,75,90,90,81,83,44,69,90,95,82,86,25,70,39,58,42,84,95,73,78,79,75,62,72,53,45,77,70,70,65,57,78
Immanuel-Quickley,"'SG', 'PG'",New-York-Knicks,95,80,81,82,75,98,82,82,54,79,89,85,79,86,40,55,50,51,45,86,98,84,86,76,84,75,80,49,40,80,78,64,75,38,58
Quentin-Grimes,"'SG', 'SF'",New-York-Knicks,72,80,82,80,95,85,86,86,63,75,85,80,80,79,25,70,39,58,42,65,80,70,74,79,65,39,83,38,51,83,80,78,80,37,48
Donte-DiVincenzo,"'SG', 'PG'",New-York-Knicks,97,63,83,82,70,80,87,87,60,95,90,85,81,75,25,75,28,45,38,44,70,77,77,81,74,65,82,73,37,84,84,88,80,48,61
Isaiah-Hartenstein,'C',New-York-Knicks,90,70,55,68,85,75,62,62,62,70,80,88,77,77,75,65,56,57,59,69,75,50,56,42,60,35,41,46,76,50,65,54,40,90,81
Miles-McBride,"'PG', 'SG'",New-York-Knicks,70,76,72,67,80,50,86,86,44,80,85,85,80,79,25,65,25,58,48,50,80,70,74,80,60,47,81,73,50,84,78,74,75,34,38
Jericho-Sims,'C',New-York-Knicks,68,69,26,52,70,65,80,80,65,83,85,90,80,64,80,89,60,60,60,40,80,30,35,34,32,29,40,36,72,42,66,55,40,86,74
Evan-Fournier,"'SG', 'SF'",New-York-Knicks,85,83,74,86,60,70,71,70,40,63,95,80,86,84,25,50,30,45,36,66,85,75,82,65,82,41,69,49,40,69,70,72,65,30,52
Dylan-Windler,"'SG', 'SF'",New-York-Knicks,77,77,77,80,80,75,68,69,55,75,80,80,80,72,35,50,32,44,44,35,80,62,72,67,60,40,65,43,40,65,57,60,45,51,66
Duane-Washington-Jr.,"'PG', 'SG'",New-York-Knicks,82,80,80,67,84,75,79,79,42,72,80,65,80,78,45,40,29,32,44,55,80,66,74,76,68,72,62,33,47,70,65,55,40,27,49
DaQuan-Jeffries,"'SF', 'SG'",New-York-Knicks,60,75,73,76,50,70,79,79,57,89,80,60,80,72,70,75,63,65,60,42,70,55,70,68,53,31,58,42,57,69,50,54,35,45,54
Ryan-Arcidiacono,'PG',New-York-Knicks,47,78,75,65,85,45,70,72,40,66,80,74,82,76,25,30,27,38,38,45,78,85,79,70,85,64,65,42,25,68,66,62,40,25,50
Charles-Brown-Jr.,"'SG', 'SF'",New-York-Knicks,75,76,79,82,55,45,73,73,55,75,80,45,83,79,40,45,30,45,38,42,70,62,77,70,60,29,65,51,60,67,63,40,35,67,52
Jacob-Toppin,'PF',New-York-Knicks,70,69,69,67,50,35,68,68,62,82,85,75,80,68,65,80,44,48,58,40,69,50,68,64,50,44,65,38,51,54,68,60,60,47,62
Shai-Gilgeous-Alexander,"'PG', 'SG'",Oklahoma-City-Thunder,91,93,79,91,98,98,86,86,60,85,97,98,80,96,40,75,66,73,72,98,98,96,93,85,97,86,79,66,65,83,80,80,80,49,55
Josh-Giddey,"'SG', 'PG'",Oklahoma-City-Thunder,90,75,75,73,75,98,79,79,60,74,88,95,80,89,45,65,55,58,55,89,95,96,89,79,95,89,69,38,51,73,69,66,65,57,78
Jalen-Williams,"'SF', 'SG'",Oklahoma-City-Thunder,88,81,80,81,98,90,87,87,50,83,90,80,80,87,25,80,47,50,50,75,87,78,82,83,78,61,77,63,53,77,77,78,75,44,55
Luguentz-Dort,"'SF', 'PF'",Oklahoma-City-Thunder,61,85,76,77,75,55,79,78,70,87,92,94,80,86,50,85,40,38,44,60,85,62,72,76,62,37,90,46,47,90,90,88,80,54,51
Chet-Holmgren,"'C', 'PF'",Oklahoma-City-Thunder,77,71,75,72,70,60,75,75,45,75,87,85,80,70,75,75,69,68,68,52,85,60,65,67,59,44,59,52,88,69,80,72,70,80,80
Vasilije-Micic,"'PG', 'SG'",Oklahoma-City-Thunder,76,79,81,87,85,75,75,75,44,62,88,80,82,76,25,40,31,43,42,60,95,90,78,75,84,76,63,37,34,67,60,50,40,47,52
Aleksej-Pokusevski,"'C', 'PF'",Oklahoma-City-Thunder,71,71,80,63,85,70,60,60,49,60,84,90,79,81,70,70,54,54,62,55,75,59,62,52,54,47,67,42,87,54,77,57,50,58,69
Kenrich-Williams,"'PF', 'C'",Oklahoma-City-Thunder,87,89,81,44,75,80,66,66,63,72,80,90,80,79,40,65,40,52,54,55,90,69,69,63,69,44,75,53,51,75,74,75,75,66,63
Isaiah-Joe,"'SG', 'PG'",Oklahoma-City-Thunder,81,89,84,82,85,95,72,74,47,79,80,75,87,81,40,60,35,38,30,85,85,67,74,63,69,36,69,46,37,77,61,52,55,35,53
Jaylin-Williams,'C',Oklahoma-City-Thunder,66,76,81,70,85,65,50,50,60,62,78,85,80,69,70,70,68,61,68,65,75,62,59,38,69,41,45,43,51,57,72,65,70,50,84
Tre-Mann,"'PG', 'SG'",Oklahoma-City-Thunder,78,94,76,76,92,90,74,74,53,68,88,75,80,83,25,60,35,55,60,59,85,80,83,73,78,54,66,46,47,69,60,59,40,36,54
Aaron-Wiggins,"'SG', 'SF'",Oklahoma-City-Thunder,80,70,83,83,70,85,84,84,45,72,80,65,80,80,35,45,38,40,39,60,76,64,70,75,68,35,59,42,51,73,47,40,45,52,55
Ousmane-Dieng,"'PF', 'SF'",Oklahoma-City-Thunder,76,73,70,65,85,60,78,78,49,79,88,80,80,69,45,75,45,48,48,47,90,69,70,75,70,41,62,40,51,73,54,52,40,42,67
Lindy-Waters-III,"'SG', 'SF'",Oklahoma-City-Thunder,74,77,79,80,95,80,60,60,33,67,83,70,80,70,25,65,28,54,34,65,70,69,69,50,67,33,67,41,58,69,62,62,40,41,55
Cason-Wallace,"'SG', 'PG'",Oklahoma-City-Thunder,74,75,74,76,60,45,75,75,55,72,90,85,80,74,25,70,31,37,37,50,95,75,78,75,75,67,81,87,58,87,75,84,70,43,60
Davis-Bertans,'PF',Oklahoma-City-Thunder,70,70,83,88,70,60,57,55,64,52,80,80,68,69,65,65,43,66,52,60,88,38,72,47,45,32,40,38,55,63,69,58,50,36,50
Keyontae-Johnson,"'SG', 'SF'",Oklahoma-City-Thunder,76,68,76,71,50,35,81,78,60,81,85,80,80,76,50,75,52,52,50,37,60,52,64,68,58,42,62,48,50,70,60,58,45,59,69
Olivier-Sarr,'C',Oklahoma-City-Thunder,68,74,69,79,55,35,65,63,63,74,85,80,80,60,75,75,64,62,64,40,70,50,52,49,55,29,40,30,80,47,59,48,35,75,70
Paolo-Banchero,"'PF', 'SF'",Orlando-Magic,81,76,73,74,95,95,80,80,77,83,90,85,80,88,75,85,74,70,72,84,85,70,76,74,70,65,66,40,55,70,64,67,45,50,74
Franz-Wagner,"'SF', 'SG'",Orlando-Magic,85,79,80,84,98,98,70,70,65,75,85,80,80,90,55,80,57,57,59,75,76,80,79,68,84,65,73,42,40,73,74,73,70,40,52
Wendell-Carter-Jr.,"'C', 'PF'",Orlando-Magic,91,80,79,74,85,70,68,55,82,68,85,90,81,78,80,75,82,82,81,70,85,56,50,47,70,45,47,36,58,50,80,70,70,66,86
Markelle-Fultz,'PG',Orlando-Magic,96,81,73,78,90,90,86,85,56,85,92,75,80,90,30,75,42,48,69,79,81,86,86,85,83,74,75,73,53,78,72,69,40,47,51
Cole-Anthony,"'PG', 'SG'",Orlando-Magic,93,85,80,89,80,95,84,84,59,77,88,85,98,82,40,89,49,58,44,82,98,82,84,84,82,71,69,40,58,74,55,52,45,41,69
Jonathan-Isaac,"'SF', 'PF'",Orlando-Magic,65,76,77,77,50,30,73,76,70,80,85,90,67,67,60,82,62,68,75,35,68,65,76,66,55,33,83,87,75,83,82,80,80,76,84
Jalen-Suggs,"'SG', 'PG'",Orlando-Magic,85,85,75,72,60,60,88,88,59,90,88,85,80,75,40,80,39,38,74,65,84,78,86,88,78,66,76,80,61,83,75,75,75,50,48
Joe-Ingles,"'SG', 'SF'",Orlando-Magic,88,75,85,86,70,45,66,67,64,60,92,70,80,80,40,45,50,55,48,49,70,75,70,60,75,67,80,43,37,80,78,78,75,32,52
Moritz-Wagner,"'C', 'PF'",Orlando-Magic,87,78,74,84,95,85,73,67,78,75,85,85,81,60,75,65,67,67,68,50,76,54,42,53,55,43,40,46,51,47,58,54,35,61,74
Gary-Harris,"'SG', 'SF'",Orlando-Magic,81,70,86,90,75,70,75,75,53,78,85,80,83,80,40,50,28,51,47,60,85,75,76,70,75,33,82,53,50,80,80,55,80,35,43
Chuma-Okeke,"'PF', 'SF'",Orlando-Magic,70,69,72,86,90,50,70,70,60,74,80,80,80,70,45,50,48,52,53,40,70,65,69,65,66,38,80,53,61,81,77,85,45,53,64
Goga-Bitadze,'C',Orlando-Magic,87,62,71,55,80,70,53,54,80,63,80,75,80,60,75,65,72,67,74,40,85,54,60,52,69,47,25,49,86,30,80,40,55,86,72
Anthony-Black,"'PG', 'SG'",Orlando-Magic,80,70,72,71,70,50,75,75,58,75,92,90,80,80,35,75,48,52,52,44,85,80,86,74,77,71,75,75,52,78,68,72,65,52,59
Jett-Howard,"'SG', 'SF'",Orlando-Magic,74,78,81,80,70,60,69,69,58,72,90,80,80,74,35,65,50,54,54,47,85,69,73,66,65,44,67,43,56,69,72,52,45,43,58
Caleb-Houstan,"'SF', 'SG'",Orlando-Magic,64,76,78,78,55,50,78,78,40,72,86,70,80,70,25,25,32,32,32,44,80,62,70,72,65,29,75,33,45,78,75,68,70,48,47
Admiral-Schofield,"'PF', 'SF'",Orlando-Magic,70,72,76,86,55,45,59,59,65,78,85,80,80,70,45,65,62,62,59,47,80,59,73,59,62,38,66,36,51,74,60,57,45,53,49
Kevon-Harris,"'SG', 'SF'",Orlando-Magic,75,72,81,76,70,60,71,71,58,78,85,84,80,75,40,75,33,56,45,49,79,64,69,69,65,29,62,53,51,64,45,60,45,59,51
Trevelin-Queen,'SG',Orlando-Magic,67,68,74,73,70,40,70,70,49,75,80,65,83,70,40,75,30,45,45,66,80,65,70,66,62,44,60,46,51,70,55,47,40,54,64
Joel-Embiid,'C',Philadelphia-76ers,97,97,78,86,70,98,69,69,95,69,95,90,76,89,90,80,95,95,96,96,98,68,57,62,82,71,68,57,82,68,94,64,90,70,94
James-Harden,"'PG', 'SG'",Philadelphia-76ers,85,92,85,87,70,98,85,85,71,87,98,97,95,92,35,84,60,74,69,94,98,82,97,85,94,90,70,46,53,75,63,82,65,36,68
Tyrese-Maxey,"'SG', 'PG'",Philadelphia-76ers,90,81,86,85,70,98,89,89,44,80,95,95,77,92,25,70,45,60,47,91,95,84,86,87,86,64,79,40,35,83,69,68,65,32,47
Tobias-Harris,"'SF', 'PF'",Philadelphia-76ers,89,89,83,70,70,80,75,59,73,79,95,73,82,80,65,75,70,70,86,64,95,77,79,56,78,43,58,42,55,67,66,64,60,41,68
Kelly-Oubre-Jr.,"'SG', 'SF'",Philadelphia-76ers,74,91,76,76,98,98,72,82,58,95,90,75,84,79,40,84,45,53,52,84,88,73,78,69,80,31,74,63,50,76,70,75,55,47,57
Patrick-Beverley,"'PG', 'SG'",Philadelphia-76ers,87,44,76,72,60,40,76,76,60,91,90,76,78,70,25,45,30,35,30,38,85,75,78,75,77,51,88,49,60,88,86,63,90,38,55
Paul-Reed,"'PF', 'C'",Philadelphia-76ers,74,70,66,75,75,70,49,47,62,65,80,85,80,73,80,75,73,70,73,68,70,48,52,41,44,30,43,85,89,52,66,58,40,93,83
Danny-Green,"'SF', 'SG'",Philadelphia-76ers,80,80,83,77,60,35,59,59,60,69,75,75,82,60,40,45,30,54,35,30,75,72,70,59,70,31,85,66,60,85,83,60,80,37,47
Jaden-Springer,"'SG', 'PG'",Philadelphia-76ers,74,73,77,81,50,60,82,82,49,72,85,70,80,74,25,50,28,45,32,55,80,75,81,82,75,65,69,76,50,80,68,67,60,30,37
Filip-Petrusev,"'PF', 'C'",Philadelphia-76ers,77,76,75,74,75,30,58,58,67,72,90,80,65,60,65,65,62,54,57,35,85,55,52,43,54,39,44,37,63,50,65,57,45,52,60
Furkan-Korkmaz,"'SG', 'SF'",Philadelphia-76ers,63,70,80,72,60,60,70,69,50,80,85,81,80,75,40,75,30,60,45,69,88,54,73,64,65,37,64,42,45,69,56,62,45,35,54
Javonte-Smart,"'PG', 'SG'",Philadelphia-76ers,73,72,72,83,60,50,79,79,61,80,80,75,83,73,30,70,44,52,58,44,80,74,78,78,76,41,66,43,55,74,55,55,40,38,50
Terquavion-Smith,'PG',Philadelphia-76ers,69,71,73,70,70,50,82,82,42,72,85,85,80,84,25,60,30,32,32,55,85,68,79,82,60,57,60,48,50,69,64,63,55,32,42
Kevin-Durant,"'PF', 'SF'",Phoenix-Suns,98,99,87,92,98,98,80,80,63,77,94,85,88,95,60,85,74,86,86,97,98,78,92,80,88,72,84,50,73,84,85,75,85,40,74
Devin-Booker,"'SG', 'PG'",Phoenix-Suns,97,97,87,88,98,98,79,79,59,74,95,85,81,95,30,75,74,79,85,95,85,89,93,76,94,78,75,42,47,75,72,70,70,48,55
Bradley-Beal,"'SG', 'PG'",Phoenix-Suns,90,94,81,84,80,90,76,83,62,87,98,78,82,89,30,84,55,55,54,95,92,82,88,76,85,73,66,41,56,75,75,65,40,38,49
Jusuf-Nurkic,'C',Phoenix-Suns,88,68,80,66,85,85,51,37,90,50,86,75,72,68,75,65,80,72,80,70,85,60,40,25,82,63,45,43,67,49,79,60,70,68,91
Bol-Bol,"'C', 'PF'",Phoenix-Suns,95,72,70,76,80,75,68,68,65,69,80,50,77,69,85,70,70,68,70,62,75,50,70,60,40,33,52,37,86,58,64,49,40,51,86
Josh-Okogie,"'SF', 'PF'",Phoenix-Suns,67,82,76,72,90,65,89,89,46,92,80,95,82,77,30,75,42,44,44,49,70,69,76,81,62,40,81,63,62,83,81,84,75,67,54
Eric-Gordon,"'SG', 'SF'",Phoenix-Suns,89,72,81,82,70,80,79,79,60,82,92,85,78,79,30,70,35,63,50,60,94,69,79,78,73,51,73,38,51,75,73,68,50,29,41
Drew-Eubanks,'C',Phoenix-Suns,94,73,54,66,98,85,61,62,68,75,80,85,83,69,75,70,74,74,74,54,75,42,37,38,55,37,47,40,87,59,59,50,45,68,78
Nassir-Little,"'PF', 'SF'",Phoenix-Suns,75,84,80,72,85,80,77,79,70,81,85,85,80,79,35,82,54,52,59,45,80,52,65,68,49,33,70,37,57,77,70,65,55,41,61
Grayson-Allen,"'SG', 'SF'",Phoenix-Suns,76,70,83,91,80,80,84,78,44,81,85,80,82,85,25,70,31,43,42,69,78,70,78,79,78,42,72,43,40,74,70,74,45,41,47
Chimezie-Metu,"'C', 'PF'",Phoenix-Suns,88,73,62,74,70,55,52,52,69,75,80,90,83,78,80,75,58,40,49,65,95,48,37,30,58,35,51,43,67,60,68,55,45,63,86
Keita-Bates-Diop,"'PF', 'SF'",Phoenix-Suns,87,74,83,79,80,80,77,77,60,72,80,70,76,77,55,65,54,63,60,50,70,58,66,66,56,39,63,43,51,74,60,60,35,48,62
Damion-Lee,"'SG', 'SF'",Phoenix-Suns,78,76,85,90,95,85,68,68,55,75,80,70,79,79,40,65,44,48,51,69,78,62,70,66,57,37,60,37,35,74,60,66,35,38,61
Yuta-Watanabe,"'PF', 'C'",Phoenix-Suns,69,60,84,72,80,70,67,67,60,74,80,85,80,78,40,60,40,43,45,59,85,60,69,65,63,33,63,41,56,71,66,65,60,43,58
Udoka-Azubuike,'C',Phoenix-Suns,64,34,25,35,40,25,72,70,80,93,79,75,83,70,85,75,44,45,48,40,35,25,35,44,34,29,44,35,74,51,74,54,55,68,87
Jordan-Goodwin,"'PG', 'SG'",Phoenix-Suns,91,73,76,77,65,80,75,75,49,55,80,75,80,78,25,35,33,43,48,66,80,78,78,68,78,70,63,80,60,71,62,63,50,55,62
Saben-Lee,'PG',Phoenix-Suns,58,74,75,74,95,85,74,74,52,69,80,76,79,84,25,85,25,31,30,79,77,80,83,73,80,72,60,73,32,67,55,54,30,43,49
Deandre-Ayton,'C',Portland-Trail-Blazers,97,92,71,76,50,85,75,65,85,82,90,76,81,75,90,75,85,75,85,62,82,53,61,55,70,37,49,36,62,61,78,69,65,67,89
Anfernee-Simons,"'SG', 'PG'",Portland-Trail-Blazers,92,86,82,89,75,98,86,89,41,90,92,90,80,89,40,89,49,49,49,87,95,87,88,79,89,67,59,36,40,76,50,55,40,29,43
Malcolm-Brogdon,"'PG', 'SG'",Portland-Trail-Blazers,88,96,89,87,80,85,77,77,56,72,93,95,84,87,40,70,44,45,40,92,92,89,86,77,92,70,77,41,47,80,77,74,65,38,62
Robert-Williams-III,'C',Portland-Trail-Blazers,96,69,25,61,70,65,71,62,83,75,80,90,81,82,90,75,60,50,65,54,75,57,48,38,62,36,40,41,88,64,88,85,85,90,85
Jerami-Grant,"'PF', 'SF'",Portland-Trail-Blazers,82,79,84,81,80,90,77,77,69,78,95,94,82,89,80,85,62,59,69,75,95,69,76,72,70,40,69,38,61,76,77,72,75,38,54
Scoot-Henderson,"'PG', 'SG'",Portland-Trail-Blazers,84,76,73,76,65,70,95,95,53,95,95,80,80,86,35,94,44,44,44,59,95,79,88,95,80,74,66,69,40,85,66,67,50,47,53
Shaedon-Sharpe,"'SG', 'SF'",Portland-Trail-Blazers,83,80,80,71,85,90,89,89,50,96,94,85,80,85,40,96,35,37,33,82,88,67,83,84,62,34,69,37,51,80,65,75,45,45,53
Matisse-Thybulle,"'SF', 'SG'",Portland-Trail-Blazers,73,48,80,60,65,40,76,76,59,70,85,90,80,74,35,70,30,30,30,25,70,55,65,69,35,31,89,97,63,90,85,97,85,44,49
Kris-Murray,"'PF', 'SF'",Portland-Trail-Blazers,74,70,75,73,70,60,68,68,60,75,90,80,80,70,60,75,50,52,52,50,80,60,69,62,60,40,66,51,70,73,65,66,50,60,64
Moses-Brown,'C',Portland-Trail-Blazers,68,46,26,49,80,50,42,40,74,75,75,60,80,76,75,60,52,42,64,55,75,44,44,35,58,27,52,33,81,54,72,58,45,86,88
Jabari-Walker,"'PF', 'SF'",Portland-Trail-Blazers,64,66,72,76,50,40,75,75,46,79,80,70,80,69,30,70,52,52,52,59,80,52,60,71,54,34,68,35,58,73,67,65,60,67,65
Skylar-Mays,"'PG', 'SG'",Portland-Trail-Blazers,71,84,80,88,72,75,70,70,42,74,92,65,80,70,35,45,37,52,37,57,80,74,79,67,75,77,68,43,37,75,69,60,50,31,51
Rayan-Rupert,"'SG', 'SF'",Portland-Trail-Blazers,68,63,70,74,80,40,67,67,52,69,88,85,80,68,45,70,40,44,42,40,70,68,72,65,68,45,70,70,36,72,70,70,65,37,43
Justin-Minaya,"'SG', 'SF'",Portland-Trail-Blazers,55,70,77,50,70,50,70,70,55,75,85,80,81,64,35,55,44,47,47,37,85,65,70,65,65,37,69,69,59,71,72,52,60,48,55
Toumani-Camara,"'PF', 'SF'",Portland-Trail-Blazers,70,67,73,67,70,50,63,61,49,73,80,40,80,70,60,70,47,52,45,57,85,58,65,58,57,36,52,41,60,52,50,54,50,65,67
Duop-Reath,"'PF', 'C'",Portland-Trail-Blazers,69,68,70,79,50,30,59,52,73,75,83,90,80,68,50,60,55,55,55,60,74,40,52,46,44,34,37,32,78,47,68,50,45,62,70
Victor-Wembanyama,"'C', 'PF'",San-Antonio-Spurs,84,81,77,82,90,70,66,66,57,69,94,80,88,77,80,75,79,79,79,56,98,68,70,64,68,51,45,54,90,44,85,78,85,71,82
Devin-Vassell,"'SG', 'SF'",San-Antonio-Spurs,71,92,82,78,90,95,72,72,60,77,89,85,82,79,40,60,51,65,65,70,95,76,82,65,79,65,83,49,51,80,81,85,80,28,60
Keldon-Johnson,"'SF', 'PF'",San-Antonio-Spurs,87,75,78,75,70,98,76,78,70,71,90,95,80,87,65,75,59,62,62,84,95,74,79,73,74,53,73,38,35,73,69,64,65,39,62
Jeremy-Sochan,"'PF', 'SF'",San-Antonio-Spurs,83,72,75,70,90,90,70,70,60,74,80,80,80,80,60,80,48,52,53,69,70,68,67,65,74,52,74,42,52,74,69,68,65,59,65
Tre-Jones,'PG',San-Antonio-Spurs,81,92,70,86,75,85,80,80,60,71,85,75,81,78,25,35,32,34,30,74,80,85,84,80,85,79,75,63,35,79,70,76,65,40,52
Zach-Collins,"'C', 'PF'",San-Antonio-Spurs,97,80,81,76,90,90,66,65,60,79,78,80,80,70,70,65,72,70,85,50,75,30,40,38,30,66,45,40,67,57,70,65,50,66,82
Malaki-Branham,"'SG', 'SF'",San-Antonio-Spurs,97,90,72,83,80,85,82,82,55,75,86,70,80,74,60,75,47,44,49,62,95,59,69,74,59,43,63,37,35,77,54,52,45,34,52
Charles-Bassey,'C',San-Antonio-Spurs,83,69,62,60,50,35,77,77,69,82,80,95,80,70,75,75,50,50,50,40,70,35,42,54,48,49,57,43,86,64,68,50,60,90,87
Cedi-Osman,"'SF', 'PF'",San-Antonio-Spurs,70,74,81,69,70,70,71,70,59,70,85,80,75,86,46,61,38,58,51,52,75,75,75,69,70,41,76,38,42,76,70,65,65,34,53
Blake-Wesley,"'PG', 'SG'",San-Antonio-Spurs,67,67,83,59,70,60,78,78,40,84,92,75,80,74,40,86,54,57,50,59,80,69,83,77,68,67,71,53,40,74,60,63,50,33,54
Doug-McDermott,"'SF', 'PF'",San-Antonio-Spurs,85,49,85,76,70,80,59,53,60,67,81,67,83,79,50,65,60,66,62,60,75,65,67,47,65,39,58,31,35,60,63,50,40,34,49
Sandro-Mamukelashvili,"'C', 'PF'",San-Antonio-Spurs,72,69,72,68,60,45,59,59,73,69,85,85,80,69,65,65,62,60,63,54,85,62,59,49,69,49,50,37,55,49,68,52,45,76,73
Sidy-Cissoko,"'SF', 'PF'",San-Antonio-Spurs,66,67,70,65,60,35,74,74,58,80,89,80,80,70,50,75,48,47,47,40,85,61,68,66,60,42,66,60,60,75,68,54,50,37,39
Dominick-Barlow,'PF',San-Antonio-Spurs,69,68,70,72,40,40,68,68,62,75,80,85,80,65,60,75,52,50,52,35,75,51,69,64,52,34,47,40,77,57,57,49,40,79,65
Julian-Champagnie,"'SF', 'SF'",San-Antonio-Spurs,69,74,82,78,45,40,69,69,37,67,85,75,80,74,40,60,43,44,52,41,73,66,68,65,64,29,67,36,52,68,55,66,40,41,69
Charles-Bediako,"'C', 'PF'",San-Antonio-Spurs,66,46,25,48,54,25,40,40,73,57,80,90,80,49,75,65,51,40,47,47,75,44,30,32,52,30,37,28,81,47,67,55,60,60,65
Pascal-Siakam,"'PF', 'C'",Toronto-Raptors,91,80,76,76,90,98,76,78,70,79,95,80,82,84,85,80,88,88,88,89,95,72,79,69,79,72,79,40,52,78,86,82,80,51,75
Scottie-Barnes,"'SF', 'PF'",Toronto-Raptors,85,70,72,77,85,85,82,82,74,92,88,90,80,86,80,80,60,62,62,79,95,77,79,77,80,70,80,43,62,77,80,78,85,60,64
OG-Anunoby,"'SG', 'SF'",Toronto-Raptors,74,84,82,84,75,70,81,83,68,85,85,85,81,72,60,85,38,37,36,70,90,58,72,71,52,35,90,83,60,90,89,89,95,46,55
Jakob-Poeltl,'C',Toronto-Raptors,97,59,45,59,80,80,51,37,80,57,80,90,80,63,75,60,77,60,86,69,85,69,38,31,62,60,45,49,80,34,79,67,80,85,86
Gary-Trent-Jr.,"'SG', 'SF'",Toronto-Raptors,91,81,80,84,85,95,85,85,58,90,80,70,82,86,40,75,44,57,46,84,73,70,79,77,71,34,61,73,40,74,60,64,35,32,45
Dennis-Schroder,"'PG', 'SG'",Toronto-Raptors,88,79,76,86,70,65,84,88,46,74,93,90,80,80,25,45,25,38,27,62,85,82,86,84,80,70,73,40,35,74,72,67,60,31,43
Chris-Boucher,"'PF', 'C'",Toronto-Raptors,87,71,76,76,65,40,57,55,80,74,89,95,77,74,85,80,72,64,72,50,85,33,41,25,59,27,37,43,80,42,84,50,70,74,79
Precious-Achiuwa,"'C', 'PF'",Toronto-Raptors,81,64,66,70,70,80,75,74,78,79,84,88,76,79,85,80,57,44,42,63,75,36,49,66,50,32,56,41,66,66,73,89,55,68,85
Jalen-McDaniels,"'SF', 'PF'",Toronto-Raptors,82,80,76,84,75,80,73,73,60,73,80,80,80,80,60,65,62,68,59,52,68,55,69,69,59,38,55,59,56,60,55,50,35,42,66
Thaddeus-Young,"'PF', 'C'",Toronto-Raptors,93,60,57,60,60,30,72,63,80,83,78,85,85,79,70,70,70,70,70,30,80,69,65,50,82,49,70,89,40,78,82,70,80,68,62
Christian-Koloko,'C',Toronto-Raptors,65,60,29,63,75,80,72,72,59,75,80,80,80,64,75,75,54,50,51,50,70,37,42,44,52,30,37,41,89,37,75,50,70,75,59
Otto-Porter-Jr.,"'SF', 'PF'",Toronto-Raptors,88,85,81,83,65,70,68,67,60,73,93,70,79,75,45,70,65,67,58,57,84,70,77,66,70,33,73,85,25,76,66,64,45,46,52
Gradey-Dick,"'SG', 'SF'",Toronto-Raptors,75,78,82,85,70,55,73,72,54,78,89,85,80,75,35,75,36,47,40,44,80,70,77,70,68,40,73,67,44,74,69,73,50,50,59
Malachi-Flynn,'PG',Toronto-Raptors,81,64,79,76,84,80,73,73,44,65,83,70,82,84,25,25,25,37,25,69,73,74,76,73,73,53,69,43,40,76,69,68,55,36,52
Garrett-Temple,"'SF', 'SG'",Toronto-Raptors,82,55,74,79,70,40,57,57,44,69,85,79,82,70,25,30,37,55,46,40,85,75,75,57,74,41,78,75,51,76,77,74,70,42,46
Javon-Freeman-Liberty,"'SG', 'PG'",Toronto-Raptors,71,74,78,76,60,50,75,75,56,72,85,70,80,70,25,65,44,40,40,64,78,70,76,69,70,54,63,40,25,66,50,45,45,34,53
Ron-Harper-Jr.,"'SF', 'SG'",Toronto-Raptors,70,72,76,79,60,50,69,69,47,70,80,75,80,72,40,70,44,45,30,47,85,58,72,63,55,33,60,43,47,69,60,52,55,34,46
Markquis-Nowell,'PG',Toronto-Raptors,70,78,77,86,50,35,86,86,30,76,89,80,80,73,25,27,25,40,25,57,85,70,86,86,70,69,60,74,53,78,54,78,50,31,33
Lauri-Markkanen,"'SF', 'PF'",Utah-Jazz,97,85,83,88,98,98,63,60,61,62,85,85,80,79,75,75,83,83,83,88,95,55,65,42,75,36,65,36,53,65,66,64,65,56,78
Walker-Kessler,'C',Utah-Jazz,93,68,66,52,85,85,37,37,74,60,88,90,80,69,85,75,74,66,74,69,95,42,44,35,48,31,65,33,96,52,88,58,85,91,85
John-Collins,"'PF', 'C'",Utah-Jazz,91,96,74,80,60,60,71,65,75,85,92,85,84,82,90,90,77,75,83,52,85,37,60,50,66,30,49,36,68,57,74,38,60,44,76
Collin-Sexton,"'PG', 'SG'",Utah-Jazz,97,89,83,82,70,85,88,88,58,84,95,90,81,85,30,75,25,38,28,80,95,78,86,87,76,66,67,38,35,76,67,69,50,42,40
Jordan-Clarkson,"'SG', 'SF'",Utah-Jazz,97,84,80,82,70,95,79,82,54,85,80,70,83,90,25,75,30,37,38,89,98,79,88,79,81,70,65,35,40,73,58,49,40,45,48
Talen-Horton-Tucker,"'PG', 'SG'",Utah-Jazz,85,73,70,75,98,95,70,70,69,73,85,85,80,87,30,80,52,60,57,88,95,84,82,68,84,73,74,43,58,78,70,70,50,41,60
Kelly-Olynyk,"'PF', 'C'",Utah-Jazz,97,78,83,85,85,90,31,33,70,55,89,90,82,75,70,60,79,79,79,79,78,60,42,25,66,66,50,43,56,35,66,45,65,47,72
Ochai-Agbaji,"'SG', 'SF'",Utah-Jazz,85,72,80,81,75,85,88,88,64,85,90,90,80,73,65,80,52,52,52,68,78,62,75,78,62,34,80,32,50,80,79,75,75,44,42
Josh-Christopher,"'SG', 'PG'",Utah-Jazz,96,75,70,75,70,85,84,84,55,81,88,72,80,80,40,85,25,62,44,65,83,68,75,78,62,56,67,59,58,78,60,65,50,38,42
Omer-Yurtseven,'C',Utah-Jazz,88,69,70,68,70,75,53,52,70,70,85,80,83,65,70,65,66,64,65,47,82,50,60,37,52,42,49,40,70,49,62,58,40,89,90
Kris-Dunn,'PG',Utah-Jazz,84,79,75,77,50,60,83,83,56,83,85,75,84,70,40,55,39,60,42,44,80,75,86,82,84,78,82,80,55,82,83,82,80,33,68
Taylor-Hendricks,"'PF', 'SF'",Utah-Jazz,75,75,77,78,70,50,72,72,62,78,92,85,80,74,60,75,54,54,54,47,80,55,69,69,62,38,68,74,78,75,67,62,60,60,65
Keyonte-George,"'SG', 'PG'",Utah-Jazz,75,71,75,79,70,60,74,74,55,72,84,85,80,76,40,65,47,49,48,60,85,75,87,73,73,59,65,64,54,75,57,58,45,41,52
Simone-Fontecchio,"'SF', 'PF'",Utah-Jazz,71,78,76,80,75,85,55,55,62,55,80,95,80,76,40,65,50,50,50,50,69,55,58,52,60,34,65,36,47,66,64,47,45,47,44
Brice-Sensabaugh,"'SF', 'SG'",Utah-Jazz,80,83,81,83,50,60,65,65,64,70,88,70,79,74,35,60,57,59,57,41,95,65,74,62,63,42,55,43,56,67,55,54,35,40,50
Luka-Samanic,"'PF', 'C'",Utah-Jazz,74,68,68,50,65,50,72,74,63,79,80,75,80,75,65,60,64,62,69,44,70,59,64,57,68,50,48,53,51,60,75,52,50,35,76
Johnny-Juzang,"'SG', 'SF'",Utah-Jazz,70,73,70,84,50,35,70,70,55,72,85,75,80,71,35,75,55,59,64,44,85,59,72,66,62,29,58,35,51,63,52,50,50,43,62
Micah-Potter,'C',Utah-Jazz,66,70,78,80,60,40,43,43,70,60,80,70,81,60,75,65,51,50,52,40,76,54,42,32,55,42,37,33,56,37,48,47,30,47,60
Kyle-Kuzma,"'SF', 'PF'",Washington-Wizards,92,68,79,73,95,98,74,74,74,75,85,95,83,92,75,75,66,65,66,88,90,66,77,67,78,63,67,35,51,71,65,49,60,38,75
Jordan-Poole,"'PG', 'SG'",Washington-Wizards,95,77,82,87,80,98,81,81,61,73,80,65,80,92,45,60,29,47,44,84,80,83,89,80,82,71,65,40,45,74,65,55,30,32,46
Tyus-Jones,'PG',Washington-Wizards,94,89,81,80,85,80,71,71,34,57,92,87,84,89,25,30,28,40,35,74,78,84,86,69,88,74,67,59,32,70,60,80,50,32,48
Danilo-Gallinari,"'PF', 'SF'",Washington-Wizards,85,78,82,93,70,65,60,60,66,66,85,80,75,76,45,75,66,72,74,70,76,66,76,60,60,36,56,35,40,68,70,62,65,36,69
Daniel-Gafford,'C',Washington-Wizards,93,65,29,68,70,60,75,70,73,80,80,89,80,82,85,75,69,67,70,75,70,37,35,44,37,34,57,37,85,59,76,50,65,78,70
Corey-Kispert,"'SF', 'SG'",Washington-Wizards,95,82,86,85,75,90,76,76,60,69,84,80,80,73,40,60,38,39,39,45,85,66,71,66,69,31,70,33,35,74,69,67,65,34,47
Delon-Wright,"'PG', 'SG'",Washington-Wizards,83,69,78,87,75,85,73,73,58,69,90,90,84,82,25,60,25,46,27,65,85,86,86,72,85,70,84,93,41,84,84,80,80,52,51
Deni-Avdija,"'PF', 'SF'",Washington-Wizards,78,75,72,76,70,80,73,73,65,79,89,85,84,79,40,75,57,54,59,59,85,79,78,69,79,54,80,46,51,79,78,77,80,46,80
Mike-Muscala,"'C', 'PF'",Washington-Wizards,93,83,83,77,85,70,43,37,76,58,79,80,79,64,75,60,68,64,66,50,64,60,42,40,60,33,53,35,62,54,67,54,45,46,73
Landry-Shamet,"'SG', 'PG'",Washington-Wizards,65,65,81,88,94,85,85,85,41,80,85,81,81,79,35,70,30,38,26,69,76,79,78,82,77,61,60,46,40,76,57,50,35,33,44
Bilal-Coulibaly,"'SF', 'PF'",Washington-Wizards,72,67,74,76,40,35,82,82,63,85,92,80,80,74,60,85,50,50,50,50,80,68,69,64,62,42,80,80,67,85,73,72,65,48,54
Anthony-Gill,"'PF', 'C'",Washington-Wizards,89,72,73,73,70,65,69,67,60,79,80,88,80,70,75,75,62,60,60,40,74,38,54,53,55,33,60,31,56,50,50,58,50,59,51
Johnny-Davis,"'SG', 'SF'",Washington-Wizards,80,78,74,70,60,45,78,78,54,75,85,70,80,75,40,70,49,51,47,69,80,70,82,70,70,37,73,40,56,79,68,55,60,38,61
Patrick-Baldwin-Jr.,"'SF', 'PF'",Washington-Wizards,70,72,82,74,70,60,57,57,69,62,85,70,80,74,55,70,54,52,52,52,80,55,58,55,60,33,59,41,56,64,55,54,40,39,72
Eugene-Omoruyi,"'PF', 'SF'",Washington-Wizards,60,68,69,68,95,80,70,70,52,75,80,65,80,70,40,65,57,57,57,45,69,65,70,63,62,32,73,63,35,76,68,40,65,60,54
Jared-Butler,"'PG', 'SG'",Washington-Wizards,86,65,74,78,95,70,80,80,50,78,83,80,80,74,25,65,28,41,37,60,95,69,82,80,68,60,60,70,60,74,55,47,50,33,54
Ryan-Rollins,"'PG', 'SG'",Washington-Wizards,71,76,72,79,60,50,86,86,39,80,85,79,80,73,25,65,40,42,42,37,85,70,78,82,70,66,60,56,51,71,59,52,45,46,47
